id,name,address,date_of_birth
1,Paula Shepard,5375 Renee Common Apt. 496-Garyville WI 14541,1977-09-04
2,Justin Shepard,1532 Mark Ridge Suite 362-West Holly IL 83462,1920-04-13
3,Lee Pope,1163 Tara Rapid-West Christopherborough IN 62287,2023-07-11
4,Sheila Stewart,933 Drake Spring Suite 328-Stokesshire MT 83160,1912-10-15
5,Tiffany Campbell,PSC 9525 Box 4732-APO AP 85013,1972-07-16
6,John Travis,USNS Yu-FPO AP 68368,1944-07-02
7,Debbie Finley,5369 Amanda Ridge Suite 935-West Mark IL 30397,2011-05-01
8,Dominic Levy,4194 Reyes Way Apt. 411-Port Kimberlychester VA 54920,1950-04-28
9,Dr. Jose Griffith MD,099 Davis Well Apt. 648-Thomasville SC 03027,1962-04-21
10,Alyssa Williams,584 Tracy Dam Apt. 570-Thomasside CA 61000,1988-02-12
11,Derek Blake,USCGC Chase-FPO AP 72209,1936-01-16
12,Ronald Miller,Unit 8802 Box 6280-DPO AP 05983,1966-02-26
13,Danielle Ellis,67389 Patton Flat Apt. 421-Jessicaport KY 46915,1964-04-05
14,Jeremiah Gutierrez,11500 Carlos Greens-Debraburgh MO 65951,1976-04-12
15,Monica Fitzpatrick,65038 Stark Pike Apt. 051-Youngport IA 70956,1995-10-15
16,Kimberly Burns,USNV Lopez-FPO AP 76209,1992-08-19
17,Joseph Chavez,66019 Wells Drive-Roberttown WA 30618,2016-11-23
18,Ann Patterson,293 Powell Turnpike-North Marietown CT 39231,1969-06-26
19,Sarah Johnson,6917 Emily Radial Apt. 014-Barkerfurt IA 55411,1914-06-25
20,Cody Pratt,918 Bailey Center-Jamestown LA 12801,1917-05-16
21,Kristina Porter,86781 Blair Mill-Bryceton MS 33174,1964-08-04
22,Audrey Ward,5329 Rhodes Rapids Apt. 222-Butlerland DC 51191,1942-12-19
23,Ryan White,99261 Scott Knolls Suite 145-Hannahaven TN 69836,1978-03-18
24,James Pace,Unit 9285 Box 3972-DPO AE 70894,1936-08-26
25,Emily Serrano,2893 Kelly Square-North Jonathan MD 13153,1931-07-27
26,Alexis Booker,96718 Walker Forge-North Williamfort MT 07160,1962-11-05
27,Joseph Rose,60360 Dominique Corners-West Elizabethtown ID 03241,2014-05-04
28,Russell Garcia,8683 David Isle-Hillshire NV 14959,1997-10-13
29,Eric Thompson,3238 Shaw Valleys Apt. 644-Mcdonaldtown NE 31524,2020-11-26
30,Amy Martinez DDS,535 Lee Courts-Lake Maryland AL 56589,1982-04-07
31,Charles Jackson,0790 David Crossroad-Lake Angela OK 65289,1954-11-23
32,Andrea Brown,4240 William Dale Apt. 732-Lake Darren VA 60679,1966-06-09
33,Angela Lynn,949 Ebony Ridge-South Sharon TX 49983,2008-02-29
34,Angela Good,Unit 9822 Box 0227-DPO AA 45487,1985-10-13
35,Christine Abbott,12101 Clarence Isle-Erinberg ID 53937,1919-03-19
36,Pamela Rodriguez,8594 Joshua Garden Apt. 495-North Cherylstad CO 09345,1912-10-29
37,Matthew Park,133 Avila Corner-Raymondland SC 67190,1999-11-13
38,Laura Jordan,6695 Gonzalez Parkways Suite 480-Gravesbury SC 02720,1910-07-29
39,Lydia Rangel,988 Edwards Trafficway Suite 345-Carolynland IL 66434,1967-09-08
40,Kelly Tran,6623 Olson Villages-Michaelville MS 74260,1913-02-16
41,Catherine Jackson PhD,PSC 4174 Box 9117-APO AP 78754,1956-05-18
42,Jesus Lowery,1172 Kelly Pine-Port Alexbury MT 58318,2015-04-11
43,Jerry Russell,8550 Lisa Place-West Benjamin PA 84749,1990-10-01
44,Michelle Gutierrez,182 Sara Bridge Apt. 754-Brendafort WI 69386,1975-07-07
45,Crystal Anderson,3159 Edwin View Apt. 556-West Robert VT 16316,1995-02-20
46,Jennifer Rodriguez,47015 Myers Harbors-East Joel KY 53879,1984-06-12
47,Mary Wheeler,8471 Anthony Motorway Apt. 667-Savagebury AZ 78638,1918-09-26
48,Dennis Thompson,751 Robert Grove Apt. 261-New Kyle AK 20722,2021-04-09
49,Melissa Figueroa,2713 Sara Mount-Hernandezview LA 29798,1921-01-31
50,Amy Stone,1183 Timothy Junctions Suite 058-North Andrewfort IN 64113,2000-04-27
51,Alejandro Davis,USNV Mclaughlin-FPO AE 02129,1962-10-10
52,Heather Peters,4655 Neal Vista-Wrightborough LA 79140,2005-12-16
53,Nicole Sanders,52427 Fuller Brook-Espinozaton ID 45495,1956-08-22
54,Mark Smith,980 Chavez Street-Elizabethside CA 41498,2013-05-21
55,Robin Jones,7209 Patricia Branch Apt. 412-Ashleyport IL 48339,1974-01-22
56,Dean Velez,96721 Diana Wells Suite 208-South Teresafort AR 82353,1963-09-19
57,Rebekah Bowman,470 Kenneth Fords Suite 391-North Jennifer SC 55192,1997-03-22
58,Frank Horton,0757 Donna Roads Suite 488-Sarahtown MI 13594,1995-12-31
59,Patty Cabrera,558 Drake Hill Apt. 653-North Angela WA 13770,1913-10-15
60,Alexander Munoz,898 Pierce Knolls Suite 790-Michaelchester NC 16600,1908-11-04
61,Anthony Cisneros,89558 Sims Lights Apt. 220-East Shane AK 31456,2003-11-27
62,Abigail Berg,Unit 7146 Box 0647-DPO AA 65727,1981-11-11
63,Paul Diaz,7530 Joseph Estates Suite 595-Brownport NE 38725,2005-07-04
64,Vanessa Valentine,61837 Vincent Extension-Lynchmouth NH 68309,1911-08-24
65,Joshua Sanchez,PSC 5925 Box 1117-APO AE 50035,1918-09-29
66,Kaitlyn Mcfarland,7085 Adam Creek-Justinhaven NJ 55065,1954-03-06
67,Molly Campbell,60171 Melanie Islands-Lake Jamesville MS 14757,1949-07-07
68,Curtis Murphy,Unit 2410 Box 0107-DPO AP 72708,1947-05-07
69,Douglas Gates,37367 Tiffany Mills-Robertville WV 84356,1911-09-23
70,Allison Graham,77058 Miller Lights Suite 004-West Mauriceview WA 98554,1934-10-17
71,Deborah Norman,1143 Richard Islands-Kristenfurt OK 39012,1953-06-28
72,Leslie Williams,9875 Johnson Junction-East James ME 32563,1952-01-20
73,Lori Sanchez,07332 Lopez Ville Suite 932-West Amandaside CT 41284,2009-08-04
74,Cody Smith,371 Matthew Stravenue Suite 665-Stewartport GA 25011,1944-07-01
75,Randy White,68151 Young Orchard-Lake Juanfort CO 21294,1938-06-06
76,Valerie Wilson,8388 Mike Manor-North Samantha KS 65862,1925-03-10
77,Mason Thompson,47509 Johnson Rue Apt. 232-Arnoldfurt WA 18516,1912-01-07
78,Lawrence Richardson,Unit 8373 Box 5633-DPO AE 82350,1915-10-10
79,Brian Collins,7403 Aaron Garden Suite 086-Lake Anna MI 90487,1966-09-14
80,Anthony Jackson,0462 Robert Fields-Port Jessica NC 78073,1932-03-15
81,Peter Jimenez,PSC 6269 Box 3751-APO AA 71529,1972-08-18
82,Dr. Matthew Anderson PhD,5572 Richard Flat Apt. 228-West Christian KY 57631,2011-01-03
83,James Lawrence,10708 Stephen Drives-North Margaret MN 60210,1936-03-02
84,Lauren Campbell,16002 Phillips Forks-Lake Elizabethport DE 79388,2016-07-14
85,Jason Coleman,08028 Emily Road-Nathanielton KY 14485,1926-01-10
86,Cynthia Robinson,6341 Christopher Pines Suite 480-Blakefort NV 81747,1918-05-04
87,Lauren Wilson,7618 Hogan Island Suite 353-North Linda KS 62340,1984-04-25
88,Alicia Davis,93256 Derek Ways Apt. 135-Ericaburgh NJ 65389,1981-09-23
89,Ryan Barr,USNS Mcmillan-FPO AA 52150,1908-09-25
90,Roberta Sawyer,2640 Jackson Bypass-Port Rebecca CA 10542,2015-07-15
91,John Boone,3933 Mccarthy Via-Oliviaberg NH 51062,1921-01-17
92,Elizabeth Pham,17687 Stacey Crossing-New Russell NC 44896,1946-01-09
93,Michelle Ramirez,024 Emily Parkways Apt. 102-Port Andrewstad TN 06040,1950-06-22
94,Carolyn Campbell,2688 Lori Springs Suite 091-Klinemouth UT 21565,1969-04-30
95,Amy Chen,033 Dylan Inlet Suite 898-Port Timothychester DC 92607,1953-07-27
96,Kelly Henderson,0018 Kristen Ramp-South Davidfurt GA 63379,1914-08-26
97,Henry Wallace,7518 Molly Meadows Suite 364-Lake Daniel MO 90414,1958-10-30
98,Lisa Bowen,689 Wilson Spur Suite 733-East Gregoryport NJ 47991,1977-12-30
99,Natasha Sanchez,9610 Whitney Mountain Suite 561-East Christinamouth KS 19808,1940-11-03
100,James Terry,724 Katherine Ramp-Janechester MO 44427,1941-11-09
101,Amy Jones,585 Douglas Key Apt. 366-Port Davidside NV 87806,1985-05-18
102,Timothy Haley,5023 Hannah Summit-Lake Beth NV 44765,1951-06-24
103,Kimberly Anderson,255 Michelle Mountain-Pricefurt NC 47493,1968-06-05
104,Kim Perry,6007 Clark Overpass Suite 955-Jessicamouth DC 14965,1954-07-07
105,Lisa Giles,584 Clayton Courts-Shafferbury HI 20576,1921-03-10
106,Linda Hernandez,4379 Cross Course-New Danachester NH 89514,1912-10-06
107,Destiny Murray,5842 Turner Lodge-South Brandontown CO 86669,1933-07-24
108,Andrew Larson,04922 Peterson Lock-Nelsonbury TX 84233,1927-11-09
109,Kenneth Smith,204 Williams Corner-Myersbury AZ 59760,1912-07-17
110,Barbara Powell,33535 Watts Course-Rossville SC 97009,2020-06-06
111,Joe Thomas,4188 Christensen Mountains-East Nicolefurt IA 89416,1927-10-10
112,Morgan Nichols,280 Page Lane-Lake Lindseychester ME 64511,1922-12-28
113,Emily Miranda,8339 Christopher Drive Apt. 734-Michaelview CO 46994,1990-05-19
114,Michael Villanueva,7877 Dustin Lane-Lake Douglasbury AR 08332,2002-10-19
115,Joan Rogers,097 Samuel Pines-East Michelle PA 31536,1927-06-01
116,Amy Evans,2284 Salas Valley-North Katherine NM 94794,1936-06-25
117,Jennifer Arnold,Unit 6802 Box 6377-DPO AA 42417,1973-06-03
118,Erica Peterson,545 Gray Pike Apt. 526-East Monicaville AK 14970,1931-11-11
119,Ryan Bowers,965 Watkins Bypass Apt. 541-East Jasontown TN 85928,1998-01-12
120,Eric Elliott,55467 Scott River-Georgeside CO 60008,1928-03-04
121,Hunter Sampson,46824 Natalie Ridge Apt. 626-North Victoria TN 89999,1994-01-27
122,Jill Jones,84770 Bradley Canyon-Dennischester TX 65344,1968-07-18
123,Christine Moore,9564 Murphy Forks-Lake Jeffrey WY 08141,2014-06-12
124,Natalie Brown,PSC 7949 Box 7711-APO AA 58538,1962-03-18
125,Nancy Jones,97343 Kyle Tunnel Suite 423-Port Ashlee RI 90100,1945-06-30
126,David Lee,28051 Wagner Canyon-North Gabriel WA 67732,1920-06-08
127,Taylor Wilson,56771 Hamilton Island Apt. 623-Youngview CT 97155,2023-02-10
128,Michael Gilbert,PSC 6016 Box 4611-APO AA 77096,1957-07-17
129,Peter Davis DVM,2608 Christina Stream Apt. 391-Melanieborough WI 42330,1919-03-06
130,Derek Peters,Unit 2771 Box 0808-DPO AA 72742,1981-04-26
131,Nicole Garcia,Unit 0948 Box 4400-DPO AA 95040,1936-02-26
132,Mrs. Abigail Wu,Unit 9858 Box 5937-DPO AA 20010,1941-12-11
133,Kendra Kelley,Unit 2848 Box 4048-DPO AP 21820,1984-12-21
134,Michael Curry,0616 Franklin Pike-North Emilytown MA 23767,1955-04-30
135,Theresa Hamilton,117 Mason Flat Apt. 217-New Tonifort AL 33200,2019-09-30
136,Danielle Dodson,56146 Andersen Crescent Apt. 430-New Jared OH 56297,2008-10-14
137,Sheri Gonzalez,259 Scott Keys Suite 626-South Bryanshire AR 98892,1997-08-31
138,Rebecca Martin,PSC 5367 Box 1906-APO AP 86560,2019-02-09
139,Allison Williams,1006 Michael Forge-Castanedaview NH 67332,1980-06-07
140,Chelsea Hawkins,USNV Parks-FPO AA 29635,1966-10-08
141,Timothy Banks,9635 Morris Summit-West Angelashire LA 96894,1951-03-07
142,Erin Andrews,1723 Bryant Parks-Connietown MA 47127,1999-12-01
143,Tanya Walker,3046 Jose Common Suite 015-Albertchester ME 83486,1947-02-04
144,Tasha Watkins,32072 White Lights-Ericborough NH 65403,1958-02-14
145,Kayla Lopez,USNS Yates-FPO AE 90362,1994-02-01
146,Chase Wilkins,16805 Johnson Light Apt. 176-Andrewsburgh FL 49396,1956-02-02
147,Scott Baker,51139 Skinner Mission-West Krista DC 45441,1982-02-27
148,Derek Clark,898 Robert Springs-Higginshaven OK 02761,1968-08-08
149,Anna Wallace,54294 Pope Valley-New Sarahmouth WI 23935,1977-04-11
150,Carrie Murray,91836 Carla Bypass Suite 349-South Tiffanyhaven OK 88585,1969-03-17
151,Grant Haley,Unit 0568 Box 3197-DPO AP 77031,1935-09-18
152,Kimberly Alexander,785 Krueger Parks-Port Tracy RI 89930,1997-12-03
153,Dawn Molina,4715 William Gardens-Nicholasville MI 76060,1951-09-03
154,Jeremy Austin,355 Garrett Mall-Shannonton WI 14186,1997-01-06
155,Scott Freeman,814 Anderson Alley Apt. 448-Gonzalezchester DC 95206,1916-07-24
156,Ashley Whitehead,Unit 6862 Box 8947-DPO AE 94105,2011-01-22
157,Marcus Hall DDS,90803 Rodriguez Forest Suite 759-New Cherylbury IN 23208,1977-07-26
158,Samuel Roberts,Unit 5183 Box 2258-DPO AA 77950,1963-05-17
159,Nina Hill,695 Angela Glens Suite 196-Nunezstad NV 33724,2010-12-21
160,Tracey Barber,68064 Price Knoll Apt. 262-North Michaelhaven MO 36928,1998-11-25
161,Stephen Meyer,49245 Dawn Park-Taylorland CO 43412,2021-03-02
162,Carlos Richards,9264 Burton Flats-East David DE 55264,1990-12-20
163,Diane Hernandez,092 Palmer Falls-Allisonton HI 02067,1930-04-01
164,Betty Savage,26587 Wyatt Shore-New Jacobmouth AK 49244,2011-07-02
165,Robert Welch,3348 Christian Ferry-Nelsonhaven PA 06827,2012-01-04
166,Brian Clark,12454 Dawn Underpass-New Meredithchester NJ 57628,1975-11-12
167,Patrick Hamilton,09200 Willis Roads Suite 563-West Jason AR 96494,1923-07-29
168,Deanna Henson,526 Garcia Ridges Suite 443-Caitlinmouth RI 30185,1941-11-29
169,David Martinez,4636 Brittany Plain Suite 137-Debrahaven UT 65496,1915-07-04
170,Steven James,PSC 2176 Box 7774-APO AP 20916,1936-05-27
171,Melinda Davis,2011 Lane Streets-Landrytown MN 78669,1949-04-03
172,Brandon Middleton,84823 Durham Key Apt. 097-Matthewmouth NV 60714,2015-08-04
173,James Johnson,630 Kenneth Street-Erinchester UT 54169,1912-07-10
174,Michelle White,281 Hart Circle-Antonioshire SD 04862,1952-11-19
175,Destiny Morgan,04100 Candace Ridge-Port Alexisview MI 61418,2004-02-11
176,Brian Shaw,4218 Wade Creek-East Johnberg WY 70747,1942-08-03
177,Jason Mays,USNV Copeland-FPO AP 69662,1956-11-04
178,Michael Gallegos,2383 Stephen Dale-Port Bethshire WI 77402,1914-07-06
179,Mary Shannon,3400 Charles Trafficway Apt. 953-Port Philip KS 04160,1936-03-02
180,Mary Adams,50380 Oscar Unions Suite 118-West Sandrashire OH 50048,2007-11-16
181,Melinda Silva,240 Tanner Square-Lake Kelseyborough CA 12745,1947-11-26
182,Adam Wolfe,045 Andrea Village Suite 355-East Alexandra IN 23867,1975-04-27
183,Harold Flores,PSC 7987 Box 2788-APO AE 58541,1928-02-24
184,Michael Williams,3082 Mark Island-North Lisa CO 02510,2002-11-17
185,Michael Gibson,92190 Danielle Courts-West Donald NC 28706,2011-07-15
186,Bryan Murillo,78558 Pope Ford-New Jenniferview MO 18509,2015-03-23
187,Veronica Chavez,099 Sheri Causeway-East Ryan OR 75596,2002-11-25
188,Lisa Chandler,682 Rodriguez Ports-West Ashleychester RI 06637,1908-09-13
189,Cindy Dean,53296 Keith Center Suite 539-Veronicaview IN 32242,1933-06-12
190,Chad Ferguson,2588 Jones Points-South Kaylabury TX 21079,1967-01-16
191,Ricky Mendez,15025 Adams Courts Apt. 255-Manuelchester UT 81544,1910-08-16
192,Connie Reilly,80280 Howell Manors-Port Jesustown OH 12384,1974-07-28
193,Russell Thornton,351 Wood Creek Suite 412-West Rodney TX 95613,1997-12-31
194,Adam Salazar,30049 Sandra Isle Suite 150-Anthonychester PA 02179,1989-12-20
195,Johnathan Jones,67734 Brittney Avenue Apt. 984-Jenningschester SC 89488,1988-01-06
196,Bob Brady,324 Elliott Shoals-Walkerfort MD 66854,2018-07-03
197,Bradley Thomas,8731 Pruitt Street Suite 766-Wilsonmouth NM 38758,1931-12-01
198,Alexandria Anderson,Unit 7225 Box 5442-DPO AP 84258,1919-11-12
199,Timothy Washington,PSC 5403 Box 6737-APO AP 87498,1943-05-22
200,Benjamin Adams,3024 Randy Junction Suite 737-Millermouth HI 54692,1991-03-16
201,Richard Hoffman,2022 Lewis Field-Jonathanburgh NY 81849,1940-12-28
202,Jennifer Torres,06753 Joseph Meadows-Colleenfurt FL 78081,2014-01-19
203,Brandon Martin,28523 Kelley Lodge Apt. 985-North Michaelshire GA 24835,1996-03-22
204,John Williams,0020 Long Locks-Lake Timothy OR 26194,1951-04-11
205,Richard Gray,1978 Jones Port Suite 808-East Amanda MT 62142,1962-04-12
206,Mary Greene MD,94413 Castillo Squares-Port Angelamouth AR 76945,1975-03-15
207,Benjamin Lawson,5161 Adkins Trafficway-Lake Thomas ID 75510,1940-03-08
208,Timothy Chang,71821 Hall Meadow-South Monicaberg RI 45257,1950-03-31
209,Alex Hall,343 Fletcher Stream-Hallburgh UT 98186,1933-08-07
210,Alicia Hudson,096 Mccoy Lodge Suite 256-Lake Lisa NH 38416,1928-07-25
211,Alex Macias,722 Duncan Locks Apt. 920-Port Roy NY 74472,1919-08-27
212,Margaret Burke,581 Evans View-New Ashleymouth KS 94079,2001-09-12
213,Erin Barrett,753 Walker Camp Apt. 771-New Samantha ME 50730,1982-10-25
214,Richard Weaver,5818 Stephen Plains Apt. 747-South Samantha TX 14324,1940-01-11
215,Richard Rivera,6731 Robert Cape Apt. 977-Jacobfurt FL 09565,1909-05-28
216,Jeffrey Ramsey,82337 Christopher Lodge-East Joshuaside NC 77151,1978-04-11
217,Daniel Rodriguez,62510 Smith Pike Apt. 559-West Michael MI 87390,1939-08-31
218,Monica Patel,5985 Rachel Rapid Suite 827-Sydneyton CA 22088,1926-08-21
219,Jeffrey Lopez,3383 James Tunnel Apt. 161-Lake Brittanyton PA 47234,1935-11-06
220,Brandon Diaz,0766 Velez Parkway Suite 574-Lewisland CA 44265,1914-06-23
221,Tracy Thompson,PSC 7619 Box 2205-APO AA 94908,2004-07-05
222,Steven Smith,883 Watkins Curve Apt. 056-Mathewsbury IA 75822,2020-09-22
223,Kent Blackburn,24410 Stephanie Island Apt. 548-East Steventon NH 13357,1954-01-24
224,Drew Ferguson,8788 Jessica Center-South Kimberly CA 92538,1941-11-07
225,Evan Stanton,349 Tina Mews-Brentton HI 57834,2023-04-14
226,Charles Mitchell,40754 Ryan Bridge-Jameshaven IA 85708,1974-03-18
227,Devin Snyder,PSC 4579 Box 7749-APO AP 79154,2013-01-07
228,Stephen Ramirez,391 White Freeway Apt. 660-East David LA 79147,1911-10-06
229,Michael Duke,50338 Jimenez Course Apt. 939-North Gloriaside ND 76250,1953-04-15
230,Jerry Pineda,4167 Christopher Drive Suite 021-Chavezfurt AL 41914,2005-03-10
231,Amy Keith,18651 Andrew Lights-West Dawnland WY 00854,1967-06-17
232,Andrea Jones,540 Sandra Glen Apt. 133-Harringtonhaven CT 19557,1915-03-01
233,Katrina Griffin MD,952 Claudia Crossroad-New Laurachester LA 64395,1947-11-11
234,Cynthia James,9741 Benjamin Loop Apt. 851-New Cassandra WA 01429,2002-11-05
235,Tiffany Cunningham,0684 Robert Corners Apt. 219-Hermanmouth NC 56756,1916-10-15
236,Abigail Bishop,1649 Parks Mills-East Amandashire MS 18782,1921-02-11
237,Jason Ibarra,19502 Smith Mountains-New Andrewburgh MN 29356,1984-11-13
238,James Glover,884 Joseph Forest Suite 332-Doughertyburgh ME 77952,1965-09-11
239,Ann Wright,USS Hernandez-FPO AP 78316,1961-03-04
240,Terry Hale,PSC 3808 Box 2143-APO AE 07932,1912-09-12
241,John House,16477 Gary Trail Suite 239-Elizabethshire GA 03880,2009-06-28
242,William Avila,8270 Joshua Roads-South John HI 85967,2019-10-01
243,Dale Russell,674 Torres Islands Apt. 961-East Lisafort WI 99141,1939-08-08
244,Lindsey Martinez,519 Michael Ramp Suite 990-Port Deborahton NJ 43119,1942-08-20
245,Steven Hawkins,28929 Mark Plaza-West Michael MT 52680,1942-07-25
246,Jason Yang,038 Alejandro Square Apt. 804-Collinsstad VT 94312,1998-08-23
247,Christina Perez MD,88471 Kristine Plaza-West Randyside WV 78656,1946-05-29
248,David Lewis,37599 Harris Throughway Apt. 599-North Lance CO 77015,1921-12-31
249,Roger Hardin,USNS Moore-FPO AA 50611,1920-12-04
250,Andres James,Unit 3649 Box 3756-DPO AA 75199,1972-01-08
251,Francisco Arnold,7865 Walters Cove Suite 772-Norrismouth MI 77147,1917-12-22
252,Meagan Beltran,146 John Fields-South Vincentport HI 31099,1985-07-18
253,Jared Horne,79689 Williams Lock-East Ashley TN 89559,1977-08-05
254,Courtney Kennedy,4508 Oconnor Divide Suite 425-Michelletown MN 68380,1947-09-05
255,Melvin Burns,991 Erin Trail-Yorkview TX 20013,1988-04-20
256,Felicia Leonard,06443 Wilson Dam-West Matthew MN 36305,1933-06-28
257,Michael Brooks,2190 Kimberly Plains-Melindatown MO 69590,2003-04-01
258,Kylie Green DDS,399 Chan Shore Apt. 834-New Victoriamouth VT 71725,1944-10-13
259,Alexander Goodwin,174 Sanders Lodge-New Michelleberg WV 76009,1958-09-11
260,Michael Barnes,8546 Anthony Crescent-Annview NH 20654,1980-11-28
261,Samuel Trujillo,50704 Donna River Apt. 119-North Stevenport PA 99839,1937-01-15
262,Sarah Osborn,75080 Jill Garden Apt. 939-South Roberto ND 39322,1915-10-07
263,Colleen Howard,09057 Sawyer Causeway Apt. 390-South Mikayla CA 17238,1997-10-01
264,Thomas Ellis,542 Perez Expressway Apt. 438-Christinechester VA 67494,1919-07-16
265,Stephanie Davis,356 Emily Shoals-New Raymondberg IA 12626,1923-12-28
266,Jeffery Miller,0248 Sara Vista Apt. 106-Pierceberg NV 49886,2020-10-01
267,Jason Barrett,4928 Johnson Walks-Port Rachelside TN 94063,1920-05-05
268,Christopher Santos,132 Michael Station-Johnsonchester LA 58097,1942-01-14
269,Robert Gibbs,48368 Cummings Lakes Apt. 667-East Christopher DE 93886,1915-04-11
270,Joshua Burns,98922 Turner Branch-Lake Judith ID 28365,1961-11-19
271,Denise Black,307 Ashley Drive Apt. 720-Lake Joseph VT 94111,2008-08-31
272,Kathy Cain,1172 Stevenson Glens Suite 034-Hollyton ID 18350,2019-05-23
273,Cassidy Wood,36047 Keith Lake Apt. 480-Kylefort AK 14280,1980-12-20
274,Monica Williams,6452 Timothy Pass Apt. 157-Lake Annaport NJ 09542,1976-09-28
275,Deanna Martinez,3539 Montgomery Throughway Suite 523-Richardsonburgh NC 28687,1916-01-26
276,Michael Johnson,102 Dorsey Highway-Lake Marcoberg ME 70859,1994-01-02
277,James Haas,3216 Charlotte Manor-Alexanderstad WA 37420,2003-08-21
278,Robin Thompson,027 Oconnor Canyon Apt. 894-New Jennifermouth WV 61267,2023-10-19
279,Shannon Saunders,5471 Peter Isle-East Aaronside FL 38319,1994-02-18
280,Erika Richardson,9685 Dana Avenue-Lisashire WA 25439,1987-02-14
281,Reginald Woods,USNS Duffy-FPO AP 26934,1942-05-16
282,Jocelyn Logan,9413 Reed Parkway-Garciabury MT 69289,1971-08-21
283,Anthony Stone,751 Kristi Underpass-Dayfurt SD 06108,1999-04-09
284,Heather Kelly,50022 Braun Plaza-Jessicahaven WI 94633,2003-05-31
285,Kimberly Mccarthy,9748 Holmes Squares Apt. 628-West Justin UT 04398,2016-12-27
286,Patricia Maddox,9145 Smith Shore Suite 912-West Julie WA 59661,1984-08-07
287,Michael Mayo,6109 Elizabeth Wells-East Louisland WA 05266,2022-06-09
288,Julie Jones,914 Mclean Trafficway-East Amandaland ME 43619,1924-10-07
289,Jessica Deleon,9609 Herrera Neck-Matthewport HI 26097,2003-01-13
290,Rachel Sutton,PSC 3247 Box 2479-APO AP 78456,2008-12-05
291,Malik Richardson,1278 Rhonda Brooks Apt. 329-Jennafort MT 42668,1964-03-01
292,Linda Wilson,6229 Rodriguez Bridge-Vincentborough MT 45268,1939-08-30
293,James Harvey,98385 Mora Inlet-Morganmouth MS 46070,1972-05-18
294,Karen Nelson,4182 Angel Crossing Apt. 603-Cardenasview GA 04686,1967-01-31
295,Matthew Mitchell,3498 Porter Course Suite 972-Davidhaven WA 79997,1989-06-29
296,Kristopher Owens,62835 Evans Ways-South Stevenside NY 75978,1927-02-09
297,Michael Fischer,3747 Michael Centers-Smithbury IN 20084,2023-09-24
298,Sheila Ward,1290 Megan Flat-Douglasborough OK 36912,1970-10-27
299,Shane Sellers,159 Sanchez Mountain-Anthonyville IN 99907,1943-06-12
300,Audrey Gibbs,7956 Nelson Courts-Deanchester IL 52055,1983-02-09
301,Heather Ruiz,07865 Cynthia Courts-Tuckermouth IN 86142,2018-03-19
302,Michael Jackson,61516 Sanchez Knoll Apt. 948-Jonesstad IL 27330,1999-06-02
303,Oscar Johnson,7237 Kevin River-Smithtown CT 80785,1946-06-09
304,Erik Turner,989 Christopher Stream Suite 375-West Andrewstad GA 75413,2019-08-01
305,Kevin French,82759 Brenda Coves-Valdeztown ME 40929,1921-10-31
306,Lauren Jacobs MD,USNS Evans-FPO AP 78364,1964-12-31
307,Kathleen Carson,599 Ariel Crescent-Benjaminstad FL 97222,1919-09-26
308,Michael Pratt,48658 Jesus Gardens-Warrentown ID 33872,1908-06-21
309,Scott Stewart,5784 Barrett Village Apt. 536-West David MD 05609,1909-11-29
310,Dennis Ellison,944 Courtney Spurs Suite 402-Keithfurt ND 39198,1989-04-07
311,Robert Rice,59290 Angela Brook-North Katherine IA 10507,2003-02-04
312,Mr. Edward Lawson MD,0311 Phillips Station Apt. 008-East Davidbury MO 69211,1993-09-14
313,Steven Zavala,3081 Gutierrez Estates-Deanmouth OK 58358,1944-09-30
314,Robert Dean,67459 Davis Corner Apt. 644-South Marymouth AR 52461,2019-08-24
315,Christine Long,4558 Brown Views-Michaeltown SD 61534,1917-12-10
316,Sean Porter,2950 Gilbert Glens Suite 347-Amyborough LA 61876,1908-08-04
317,Matthew Perez,90157 Carroll View Apt. 793-New Josephmouth RI 37900,1984-02-17
318,Jessica Price,012 Sonya Mountains-South Ianburgh SD 02060,1908-08-20
319,William Gonzalez,827 David Pike Suite 394-Lake Travis NH 33955,1937-11-27
320,Cynthia Mullins,659 Glenda Corners Apt. 170-Savagechester IN 06030,1915-07-29
321,Katherine Mclaughlin,24116 Estrada Turnpike Apt. 926-Stevenhaven NM 52462,2022-05-13
322,Ryan Perez,29608 Jeremy Creek-Seanberg RI 03332,1963-10-20
323,Joel Rogers,88887 Ward Spur Suite 155-Lake Kevin MT 71510,1948-06-19
324,Michael Sutton,031 Jose Pass Apt. 307-West Brendaville IL 64980,1995-03-26
325,Sherry Day,213 Olson Circle-Howardfort CT 47473,2000-01-19
326,Cindy Marks,488 April Forges-Lake Emily KY 45634,1956-12-21
327,Dawn Flores,42522 Samuel Viaduct Suite 083-Kristenton TN 00687,1920-12-31
328,James Davis,PSC 7291 Box 8024-APO AA 95232,1984-04-17
329,Patricia Ballard,124 Joshua Summit-Vanessaside NM 95584,1914-12-12
330,Lawrence Baker,11927 Jordan Land Suite 923-Williamshaven ID 90312,1934-04-27
331,Timothy Gonzalez,987 Baker Springs Apt. 247-South Angela NM 24217,1976-11-30
332,James Payne,794 Jasmine Crest-South Johnview WI 51997,1989-08-01
333,Michelle Jones,2324 Wood Drive-East Ianhaven VT 94335,1959-02-12
334,Andrew Rivera,129 David Divide Suite 451-North Miguel WV 45336,1972-03-07
335,Thomas Harvey,3014 Pratt Mountains-Duffychester NE 07310,1931-08-30
336,Julie Howell,031 Bowers Parks Suite 869-Careyshire OK 07196,1948-04-16
337,Frederick Jimenez,Unit 4362 Box 4967-DPO AE 74103,1997-05-30
338,Christina Farmer,52199 Ashley Divide Apt. 128-Clarkberg MI 91536,1916-02-15
339,Glenn Weaver,PSC 0651 Box 3749-APO AE 96152,1918-07-12
340,Brenda Adams,390 Matthews Hollow Apt. 009-Mccarthyport VA 74923,2010-10-14
341,Erica Martinez,0159 Arnold Curve-New Lynnton PA 65637,1963-02-04
342,Joshua Ferguson,0506 Burns Place-West Jacqueline IL 99256,1973-12-01
343,Mrs. Ashlee Ayers,6663 Alexis Square Suite 628-Arnoldland MN 80304,1928-02-13
344,Michelle Thompson,216 Nicholas Prairie-South Danaberg AR 56567,1950-03-09
345,Michelle Boyd,1808 Novak Cape Apt. 062-Meganshire NC 23952,1971-09-26
346,Robin Mata,128 Aaron Burgs-Barreraton AK 11036,1954-01-21
347,Tyler Hutchinson,58637 Davidson Pike-Robinsonville TX 51760,1976-01-22
348,Tiffany Rojas,6554 Tiffany Shoal Apt. 819-Walkermouth SC 12755,1986-09-12
349,Kristina Parks,05328 Barber Prairie-North Caseyburgh OR 60194,2007-06-11
350,Steven Pitts,USCGC Bush-FPO AA 17100,1935-12-20
351,Catherine Hartman,43411 Welch Lights Apt. 238-Benjaminland CT 05735,1992-05-08
352,Johnny Henry,4254 Tucker Mountains-Stephanieton VA 52051,1971-03-27
353,Brett Logan,82871 Eric Row Apt. 596-Amandamouth MI 43349,1987-11-20
354,Nicole Price,652 Griffith Isle Suite 754-North Jennifer IL 94613,1942-10-24
355,Jasmine Hicks,262 Jennifer Junction-South Ashley KS 69102,1968-09-28
356,Glen Hodges,PSC 9730 Box 2373-APO AA 30159,2011-09-23
357,Amber Schmidt,693 Sanchez Cove Suite 946-Davidburgh MN 09965,1996-11-21
358,Todd Bowers,191 Shea Ville-Lake Anthonytown DC 03002,1985-05-18
359,Renee Miller,5659 Robinson Mountain Apt. 051-East Mark WY 29863,1923-05-27
360,John Riley,95409 Sarah Mountain-Lake Deborahbury MS 59709,2016-03-26
361,Amanda Gordon,6718 Anthony Vista-North Carol ID 61157,1998-09-17
362,Brenda Smith,54367 Michael Station Suite 752-Erinshire CA 86850,1961-06-12
363,Daniel Hayes,290 Debra Prairie-South Jason ND 39268,1979-12-12
364,Angel Joseph,28972 John Forest Suite 688-Huffberg MA 60254,1985-02-05
365,Reginald Salazar,0289 Kyle Haven-South Brandon SD 17750,1922-09-10
366,Nicholas Wong,102 Jessica Hills-East Samanthaborough GA 75934,1974-12-10
367,Cynthia King,907 Rodriguez Ville-East Tonyland NJ 94759,1965-10-20
368,Charles Thomas,84985 Foster Glen Apt. 843-East Gregoryview NJ 58126,1994-09-04
369,Joy Carr,192 Ramos Mountain Suite 029-Port Kelsey KS 02097,1994-11-12
370,Natasha Anderson,042 Fields Vista Apt. 216-Doylefort NV 85675,1988-03-04
371,Mary Scott,572 Ann Crest Suite 473-Lake Latoyamouth AL 83415,1915-11-05
372,Melissa Hunter,00600 Jason Ford-North Tracy DE 51519,1926-10-24
373,Suzanne Torres,3401 Bernard Keys-South Edwardberg CA 23191,1935-08-16
374,Michelle Lopez,5836 Garrett Falls Suite 543-Lake Johnny MI 43531,1959-01-16
375,Sandra Davis,9538 Ramirez Mountains Apt. 853-Cunninghamberg KY 58226,1929-05-08
376,Paul Massey,1162 Cathy Plain Apt. 890-Burnettport AZ 70459,1956-12-30
377,Erin Willis,USCGC Anderson-FPO AP 79596,1957-10-30
378,Charles Powers,1205 Price Drives-Lake Michelle CO 24137,1908-11-14
379,Manuel Washington,54222 Richard Viaduct-Cindyborough NH 22836,1976-08-09
380,Angela Wilson,3309 Michael Way-Thompsonland MT 65671,1929-06-02
381,Shelby Novak,0896 Harrison Stream Apt. 853-New Donaldville CA 26058,2017-03-11
382,John Mcdonald,632 Best Harbors-East Donald WV 20498,1920-12-07
383,Jordan Willis,51492 Kim Spurs Suite 121-West Kathryn WA 44942,1997-02-15
384,James Shea,50373 Arthur Alley-North Christopherhaven MA 64985,1973-02-26
385,Richard Garner,1175 Thomas Club Suite 154-Durhambury HI 79488,2001-10-02
386,Joseph Johnson,94436 Johnson Fields Apt. 472-Lake Stephen OR 92411,1998-08-29
387,Brenda Gibson,649 Mark Ports Suite 927-Lake Jonathan AZ 07608,2014-02-25
388,Melissa Mitchell,367 Price Isle-New Adamfort MD 15831,2005-06-09
389,Cynthia Wiley,PSC 8104 Box 2685-APO AP 53313,1939-01-16
390,Dana Watson,PSC 3831 Box 9879-APO AA 50785,1962-04-01
391,Travis Burke,052 Turner Inlet Apt. 496-Stuartshire VA 17432,1935-11-28
392,Brittney Nguyen,52695 Schultz Stravenue Suite 291-Castilloborough FL 93318,1914-10-30
393,Brittney Rivera,22523 Schmidt Roads-Richardview MA 13462,1914-10-20
394,Shane Johnson,13092 Johnny Greens-Brownview FL 68660,1993-10-07
395,Jamie Church,Unit 0504 Box 5803-DPO AE 27989,1995-03-14
396,Jacob Crawford,107 Kyle Key Suite 940-Benjaminmouth VT 71520,1970-01-27
397,Ryan Henson,5761 Anthony Plains Suite 977-Lake Eric LA 60263,1986-08-31
398,Dr. Taylor Barber,596 Brittany Square Apt. 658-Lake Jason IN 19621,1983-09-17
399,Joseph Crawford,PSC 6714 Box 6399-APO AA 99611,1909-04-07
400,Jessica Clark,705 Johnson Knoll Suite 910-Danielfurt VA 90287,1962-05-01
401,Nicole Cain,846 Contreras Crest Apt. 720-West Joseph MS 66730,1919-09-03
402,Monica Fields,Unit 4530 Box 6336-DPO AE 92401,1988-10-05
403,Miguel Gates,16960 Lee Centers-West Laura CO 88429,1956-03-27
404,Ann Barker,PSC 6101 Box 4054-APO AE 50283,1998-02-17
405,Jack Wang,71937 Renee Fork Apt. 081-Allenstad NC 69474,1971-09-25
406,Michael Hogan,13934 Rivera Stravenue Apt. 508-Dustinstad PA 83349,1960-09-21
407,Charles Smith,37650 Thompson Valleys Apt. 258-East Gabriela VA 89178,2017-12-24
408,David Hall,11140 Christopher Keys Suite 219-Lloydville MT 41069,2002-07-09
409,Mario West,4529 Hansen Port Suite 575-East Emily AK 23407,2013-05-09
410,Jacob Morrison,807 Moore Unions-Chelseafort IN 16186,1952-04-19
411,Carrie Smith,59734 Douglas Stream Apt. 231-East Jerome MS 78397,2006-11-03
412,Melinda Smith,7379 Emma Mountain-Wesleymouth WV 03875,1982-02-26
413,John Bradley,5297 Jose Radial-South Patricialand VA 30793,1914-11-07
414,Patricia Christensen,84612 Brown Forest Apt. 623-North Stephen NC 50962,1975-07-19
415,Robert White,44813 Collins Parkway-Davismouth NM 06840,2008-09-15
416,Nicholas Nelson,121 Lopez Run Apt. 402-East Michael WV 90409,1937-10-10
417,Heather Ray,8569 Wayne Flat-Dianaview MD 57838,1937-12-04
418,Ryan Gonzales,Unit 1297 Box 2741-DPO AA 98388,1932-06-17
419,Melissa Hensley,293 Katherine Cape Suite 245-Jillport DE 97500,1956-04-29
420,Scott Warner,355 Barker Harbors-Lake Maryfort PA 05508,1920-05-02
421,Melissa Kane,10230 Murray Loaf-New Scott VT 65520,1924-12-10
422,Christopher Alvarez,Unit 0989 Box 2494-DPO AE 33382,1916-06-11
423,Joseph Walker,78484 Dennis Crest Apt. 513-Meganfurt WY 36164,1983-07-17
424,Jeremy Sherman,65685 Jones Circle-New Carrieshire OK 84333,1919-01-08
425,David Miller,9468 Nathan Keys-South Chadville NM 17388,2000-04-11
426,Brandon Brennan,28736 Jennifer Forge Apt. 717-Michaelside IN 09736,2010-12-29
427,Keith Green,70769 Chavez Locks Suite 775-Haneybury HI 47400,1948-03-12
428,Kevin Rogers,925 Hernandez Points-Port Patrickland DC 21250,1932-12-16
429,Alexis Hawkins,148 Paul Canyon-East Amanda MN 97505,2015-04-25
430,Gina Hudson,502 Ashley Roads-North Shawn TX 56088,1958-01-27
431,Nancy Young,5266 Stephanie Summit-West Vincent WA 91430,2020-05-09
432,Paul Simpson,39052 Lawson Walks-Ginachester ND 60728,1995-05-13
433,Brittany Long,416 Mora Haven-Mikeland NE 18759,1937-08-25
434,Tom Williams,70047 Collier Springs Suite 126-South Carlos MD 20737,1924-11-28
435,Melanie Brown,USNV Turner-FPO AE 57908,1992-05-11
436,Megan Oconnor,480 Jesse Highway Apt. 233-New Alexander LA 28115,1920-10-07
437,Nicole Franco,73734 Travis Stravenue Suite 937-Kevinport KY 16753,2000-08-08
438,Jennifer Williams,353 James Crossing-East Jason MS 08802,1932-06-12
439,Michael Gregory,566 Everett Plains Suite 197-South Debra AK 43042,1977-12-05
440,Linda Delgado,7818 Danielle Ports-New Marybury MI 68183,1944-11-30
441,Daniel Lane,500 Morton Crossing Apt. 554-Lake Sherryhaven NE 33866,1938-09-11
442,Dominic Jones,83550 Amanda Terrace-Donaldside NY 14922,2008-12-25
443,Steven Thomas,1336 Carter Parkways-Valeriemouth HI 76851,1944-09-24
444,Terrance Alexander,9478 Hardy Pike Apt. 713-West Rhonda CT 33065,2015-11-10
445,Linda Johnston,159 Winters Square Apt. 316-Allenmouth IN 71069,1932-08-16
446,Robin Guzman,8723 Garcia Port-Valerieshire VA 04413,1921-04-12
447,Michelle Mitchell,727 Jade Fork-Williamsstad AL 97000,1985-12-14
448,Troy Gibbs,USCGC Phillips-FPO AE 10241,1988-01-14
449,Mark Olsen,4947 Daniel View-Kellyburgh NM 26819,2004-09-21
450,Kevin Medina,934 Smith Cape-East Charlesville SC 54579,1915-07-01
451,Audrey Johnson,3473 Christian Squares Apt. 661-New Jasontown VA 67034,1914-06-08
452,Daniel Castaneda,5588 Jason Light-South Kevin NE 36046,1961-10-09
453,Joel Cruz,PSC 3904 Box 5060-APO AA 84141,1919-01-24
454,Emily Hicks,Unit 5548 Box 4537-DPO AA 37903,2002-10-03
455,Walter Salas,31093 Samuel Isle-Chrisside MD 57005,1918-09-08
456,Kelly Green,995 Jessica Greens Suite 814-East Kennethfort NM 93040,1912-01-23
457,Stephanie Chavez,407 Jack Mount Suite 827-Michelleview WI 80422,1996-07-06
458,Michael Boyd,752 Gordon Islands-Lake Nicholasstad NV 50384,1942-12-08
459,Sharon Powell,84825 Rodriguez Shoals Apt. 373-South Tracyport RI 58912,1919-09-13
460,Michael Thornton,USS Wilson-FPO AA 66943,1917-01-28
461,Robert Calderon,6982 Sanders Rapid-Gregoryberg OR 51150,1919-02-24
462,Jesse Ellis,750 Brown Cove-East Nicole OR 73145,2018-07-19
463,Jeffery Copeland,403 Christopher Parkway Suite 460-Aaronshire VT 96156,1964-09-18
464,Kevin King,48102 Williams Plaza Suite 385-Lake Christinabury VA 94837,1989-02-27
465,Daniel Watson,55892 Michael Shores Apt. 876-North Williamberg HI 34332,1989-06-07
466,Alisha Randolph,712 Susan Courts Apt. 476-Bobbymouth PA 63565,1966-02-17
467,John Jackson,822 Lee Forge Apt. 286-Lake Lisa MS 24510,1975-06-13
468,Emily Caldwell,0929 Ashley Rue Suite 781-Batesshire AR 21701,1957-12-31
469,Randy Young IV,Unit 3472 Box 4208-DPO AA 65735,1914-08-23
470,Makayla Houston,484 Mary Estate Apt. 926-New Crystalberg MA 45083,1985-07-21
471,Monica Bartlett,33084 Hill Island-Hughesmouth WY 11112,1918-08-08
472,Kevin Hampton,623 Fox Place-New Davidview MS 68245,1949-07-22
473,Shaun Hurst,0010 Amanda Street Apt. 511-Sylviaberg MI 17374,1951-12-26
474,Amy Mckenzie,175 Haley Tunnel Suite 958-Millerville VT 60121,1956-12-16
475,Laura Murray DDS,22881 Rogers Plaza Apt. 100-Thomasside VT 59244,1910-09-30
476,Nathan George,059 Adam Fork Apt. 984-Jasontown NE 45641,2001-07-15
477,Natalie Elliott,USCGC Kramer-FPO AA 65871,1992-10-08
478,Barbara Cervantes,2864 Stephanie Camp-Port Rebeccafurt TX 39873,1938-03-31
479,Matthew Green,12946 Thomas Knoll Apt. 239-Chaseberg CA 78875,1933-12-19
480,Kaitlyn Garrett,8161 Stewart Wall Apt. 126-Buckside IL 40839,1930-01-31
481,Keith Reeves,58254 Moran Center-Joshuaton WV 79237,1924-03-22
482,Michael Duke,5072 Scott Lake-North Julia RI 52844,1955-07-26
483,Jennifer Mays,76854 Karen Causeway-Lewistown WY 86809,1921-08-13
484,Kathryn Graham,32415 Kayla Manors Suite 584-West Elizabeth WA 94222,1925-11-21
485,Gina Rowland,9424 Davis Trail-Port Alexanderview TN 49290,1960-07-10
486,John Cameron,66453 Vance Trail-East Jameschester WA 19372,1970-12-10
487,Patricia Cabrera,37968 Long Route Suite 220-Bowershaven OK 23225,2014-03-25
488,Joseph Miller,0923 Scott Square Apt. 819-Lake Stephen TN 42742,2002-01-11
489,Debra Collier,9790 Mccoy Vista-Samuelport NV 88612,1957-09-17
490,Leroy Marshall,734 Mitchell Mount Apt. 848-Scottside HI 49619,2013-02-13
491,Cassandra Calderon,786 Taylor Ways-East Alexandra CO 56853,1970-12-22
492,Elizabeth Colon,0616 Johnson Common-Suzannestad WV 12450,2005-04-26
493,Phillip Burke,736 Ho Walk Apt. 678-North Michael NC 54218,2016-07-15
494,David Murray,63403 Wesley Turnpike Apt. 381-Samuelmouth VT 64116,1983-10-09
495,Heather Keller,648 Johnson Street-New Brian ME 42563,1956-03-11
496,Dr. Chad Nguyen,253 Holmes Tunnel-Port Shannon MT 21140,1942-09-14
497,Greg Kelley,5886 Davis Highway-North Jamesfurt NH 45220,1967-04-18
498,Roger Powell,93612 Michael Drives Apt. 441-New Richard DE 26232,1962-11-17
499,Anthony Roth,23456 Natalie Glen Suite 237-Thompsonstad VA 21518,1965-03-17
500,Allison Smith,3473 Carr Mews-Jenningschester ME 15834,1991-11-03
501,Angela Gonzales,20251 Kane Dam Apt. 243-Fostertown FL 49291,2006-08-08
502,Zachary Guerrero,58134 Jonathan Underpass-Nicolefurt CT 63475,1950-12-08
503,Alexander Olson,877 Stefanie Point Suite 854-Holdenmouth IN 13950,2006-03-13
504,Brittany Winters,20392 Austin Pines-West Nathan TN 01574,2010-06-18
505,Kelly Brown,410 Mitchell Terrace Suite 686-Johnsonside MS 64277,2013-05-27
506,Paul Smith,594 Laura Fields Suite 174-Catherinefort NJ 13058,1985-08-24
507,Perry Kent,20248 Robert Valley-Kristenhaven MO 23244,1953-04-22
508,Julie Nunez,430 Richard Burgs-Klinetown AR 57066,2002-05-23
509,Diana Osborn,Unit 4759 Box 7166-DPO AA 10452,1986-04-01
510,Hannah Ward,0432 Lisa Avenue Suite 584-South Charlesport LA 68810,1992-12-13
511,Kara Johnson,297 Rivas Neck-North Kimberlymouth WA 76308,1926-08-10
512,Steven Baker,99186 Mitchell Land-East Melanie WV 92496,1981-06-20
513,Brian Davis,47836 Wilson River-Johnsonton NH 22913,1950-09-21
514,Sarah Reynolds,36859 Janet Crossroad-West Jonathanchester NC 00684,1913-01-03
515,Jeffrey Carter,7657 Shane Cliff Suite 764-South Devin UT 97831,1965-01-26
516,Kevin Hampton,Unit 8689 Box 4640-DPO AA 68338,1914-11-23
517,Sheila Cox,1958 Lisa Road-Daytown TN 01224,1909-12-08
518,Elizabeth Rodriguez,727 Michael Port-Courtneyfurt UT 37588,1942-12-13
519,Michael Ward,6945 Bradley Lock Suite 062-Stevenschester NC 45392,1988-08-29
520,Sandra Acevedo MD,955 Manuel Locks Apt. 202-Keithton NH 03113,1985-09-23
521,Alyssa Johnson MD,33756 Smith Hill Apt. 230-South Noahmouth WI 09812,1923-04-10
522,Steven Wells,55976 Carter Hill-New Veronicaburgh IL 71369,1989-10-22
523,Nathan Thomas,244 Thomas Parkway Apt. 201-Campbellland TX 20339,2008-05-24
524,James Payne,300 Jorge Mews-Frenchmouth DE 93980,1973-04-03
525,Jennifer Jones,211 Joseph Brooks-Port Michael CT 96377,1954-11-16
526,Michele Martinez,9446 Anderson Prairie-North Robertview MA 30729,1972-09-08
527,Ashley Jackson,0531 Hill Haven-East Morganfort VT 91475,2019-04-07
528,Ann White,91679 Lowe Union-West Deanna IA 95344,1974-05-31
529,Dean Lopez,720 Hunter Mountains-Brooksberg ND 67107,1971-10-28
530,Thomas Alvarez,002 Martin Grove-Port Lindseytown FL 63222,1910-08-02
531,Anita Sharp,457 Wood Cliff-East Susan MN 71362,1981-12-24
532,Deanna Harris,37051 Johnson Highway-Clarkstad MA 38206,2008-11-09
533,Brandon Jones,483 Heather Centers Apt. 746-Michellechester AR 43035,1945-10-11
534,Scott Sandoval,051 Stephens Turnpike-Lake Crystal NM 44592,1956-07-29
535,Matthew Park,217 Michael Mountain Suite 798-East Josephshire OR 43244,1922-01-06
536,Alan Fields,12201 Vanessa Estate Apt. 073-Elizabethchester AL 20567,1928-01-24
537,Aaron Aguirre,73470 Paul Valley Suite 042-Lake Nicholas HI 33319,1945-09-19
538,William Curtis,31832 Sarah Extension-New Brendaland IA 10326,1970-10-31
539,Susan Davis,4666 Allison Circle-Maysfort OR 58734,1984-11-09
540,Brandon Kane,180 George Extensions Apt. 826-North Richardhaven SC 25203,2002-05-02
541,Frederick Meyer,1551 Reed Plaza Suite 612-Shawnside MN 10304,2014-02-04
542,Laura Ramirez,81421 John Well-West Joshuabury OK 04539,2023-03-27
543,Jeffrey Merritt,1944 Miranda Ridges Apt. 410-North Kendra SC 07979,1979-12-09
544,James Montes,30574 Barbara Crossing Apt. 829-South Jessicaborough MD 44411,1948-08-30
545,Randy Perkins,516 Katherine Station Apt. 427-West Juan MS 38209,1911-12-15
546,Andrew Fuller,695 Jesse Turnpike-East Joe NH 57234,1941-02-03
547,Barbara Barajas,428 Zamora Courts-West Theresa WI 74223,1927-03-27
548,Brandon Gross,59003 Young Rest-Port Edgarberg OK 08734,1951-05-18
549,Rodney Estrada,705 Garcia Manor Apt. 567-East Jameston ND 01525,2021-01-14
550,Cynthia Salinas,88483 Daniel Estates-Williamstad ME 93924,2008-01-11
551,Jordan Gilmore,48183 Amy Trail Suite 448-East Margaretport NV 67295,1953-03-10
552,William Diaz,476 Julia Island Apt. 257-Hannahfort ME 36195,2020-12-15
553,Ariel Soto,905 Michael Island-Ryanmouth OK 84113,1936-03-23
554,Connie Delgado,348 Robin Glens Suite 184-Greenview GA 69484,1934-11-11
555,Diane Tucker,324 Pollard Estates-West Alexandra VA 52541,1949-05-24
556,David Higgins,545 Holly Keys Suite 847-West Alicia ND 79799,1974-01-30
557,Patricia Hayes,27950 Brian Drive Apt. 991-North Brittany VA 95003,1915-07-20
558,Elizabeth Coleman,3671 Khan Junctions-Christophermouth NV 89479,1969-07-06
559,Bryan Gonzalez,USNV Miller-FPO AE 17243,1953-09-15
560,Laura Stanley,972 Hanna Prairie-New Lisa OK 96688,1973-10-07
561,Hayley Dodson,26381 Michael Ranch Suite 091-North Lisa NM 47071,1938-05-28
562,Jordan Turner,010 Barnett Court Suite 933-East Reginald NH 90964,1989-11-09
563,Renee Harris,5831 Cory Court Apt. 255-East Erica NY 29161,1967-11-01
564,Tracy Crawford,039 Yoder Lodge Suite 732-Lake Jerryside MA 50397,1954-01-15
565,Jason Mills,44798 Jason Common Suite 117-Joshuastad CO 75347,1909-07-11
566,Patrick Parker,31596 Heather Center Suite 396-West Lisachester MS 54149,1915-04-03
567,Jeffrey Carter,USS Hernandez-FPO AE 62112,1941-11-09
568,Andrea White,702 Huff Avenue Apt. 103-New Kellyberg ND 06882,1975-08-04
569,Brianna Barnes,0153 Meghan Drive-Port Nicolefurt CA 56989,1912-09-15
570,Joseph Trujillo,0636 Cox Fords-Markport MO 62784,1940-01-02
571,Deborah Gilbert,40015 David Flat-Christopherside ME 85692,2013-08-16
572,Joshua Jacobs DDS,321 Christopher Square-Fosterstad DE 11398,2014-08-12
573,Katherine Sherman,USNV Rowe-FPO AP 42443,1930-03-14
574,Patricia Smith,3591 Christopher Cape Suite 889-Hayesbury CO 78041,1912-10-21
575,Michael Mendez,83736 Mora Port Apt. 830-Port Anthony AK 68146,1997-05-25
576,Gregory Young,90308 Gregory Trail-Mitchellview ID 64140,1921-11-22
577,Anne Shepherd,Unit 8485 Box 7684-DPO AP 09392,2024-01-30
578,Maria Gutierrez,514 Gregory Port-Walkerville OK 51418,2017-03-10
579,Kurt Gomez,53904 Owens Point Suite 383-Reesemouth MA 50362,1909-04-03
580,Joshua Davis,36797 Melissa Rest-Angelachester LA 42384,1993-05-05
581,William Barron,95731 Nelson Path Apt. 238-Cartertown NH 89023,1939-08-01
582,Denise Green,7088 Wendy Mountain Suite 608-Joshuaberg NE 96774,1992-08-31
583,Crystal Henry,861 Crosby Crescent-North Brookechester AZ 14088,1942-04-28
584,Rebecca Henderson,463 Aaron Extension-South Michaelshire WA 65579,1957-07-12
585,Dale Owens,59209 Sabrina Curve Apt. 957-South Yvetteside WI 14208,1931-04-12
586,Tara Davis,68830 Leslie Way Suite 962-Simpsonland MA 24714,2013-01-24
587,Andrew Klein,3303 Barr Crossroad Suite 748-Port Peterfurt NH 55230,1958-08-05
588,Jay Tucker,USCGC Lee-FPO AE 96027,1969-05-13
589,Stacey Singh,67330 John Bypass-Turnerport MA 44121,1972-10-28
590,Alan Caldwell,5314 Rangel Point-Patrickmouth NE 25023,1935-11-23
591,Alexandra Ferguson,694 Michael Springs-Brianside TX 13404,1983-05-02
592,William Diaz,231 Joshua Trail Suite 347-Rachaelborough NH 03217,1913-03-13
593,Jennifer Gamble,3898 Davis Camp Apt. 245-Christophermouth VT 62714,1934-06-11
594,Kristin Henderson,48419 Francisco Light Apt. 086-Maryhaven VA 55311,2003-11-04
595,Lindsey Peterson,86410 Joshua Row Suite 775-North Ashley ND 92227,1952-11-04
596,Michelle Bowen,95190 Maldonado Centers-Lake Brendaside KY 07587,1992-07-18
597,Melanie Jones,143 Newman Loop Apt. 255-North Sherri MA 87084,1934-02-21
598,Daniel Koch,72345 Susan Plains Apt. 072-Smithhaven NJ 43058,2000-10-23
599,Mrs. Danielle Lowery,507 Charles Cape Suite 785-Maryfort ME 95106,1953-12-13
600,Felicia Morris,USCGC Green-FPO AA 99617,1956-01-22
601,William Blake,16952 Ryan Port Suite 787-South Donnatown WI 28075,1911-02-26
602,Ashley Ingram,008 Brendan Drive-Lake Joshuafort MO 60664,1951-11-29
603,Janet Moore,05174 Sierra Squares-New Timothy KS 91591,1966-12-15
604,Darren Christensen,0995 Higgins Trail-Aliciafort SD 35473,1960-04-13
605,Rachel Moon,29112 Andrews Junction Suite 116-Lake Mariaville OK 46170,1914-05-20
606,Dr. Michael Hall III,377 Adam Spring-South Kevinstad FL 22198,1912-12-30
607,Anna Moore,11168 Christopher Plains Apt. 523-New Michelle WY 82340,1970-11-26
608,Kathryn Davis,7096 Gomez Estates Suite 163-West Sethhaven MO 86164,1924-11-26
609,Gregory Williams,760 Smith Drive Suite 777-West Martin ND 15837,1984-07-17
610,Carlos West,2346 Fields Isle Apt. 866-Javiertown KS 13283,1961-06-25
611,Deborah Manning,6648 Elliott Stravenue Suite 312-Elizabethstad MD 91366,1922-08-15
612,Jacob Doyle,1750 Carter Terrace-Port Matthew NM 35851,1920-02-17
613,Brady Foley,USNS Mendoza-FPO AP 71126,1908-05-09
614,Kayla Washington,4870 Scott Crossroad Suite 699-Campbellstad MD 43002,1935-05-14
615,Melissa Smith,717 Mcneil Tunnel Apt. 520-Lake Frank NE 79470,1966-09-26
616,Jacob Maldonado,862 Ana Greens-Port Hollyview FL 30854,1993-12-23
617,Christina Ryan,774 Cruz Circle-East Michael NE 08876,2018-06-11
618,John Graves,3053 Isaac Center Suite 372-New Laceychester WV 33700,1954-10-26
619,Michelle Robinson,USNS Oneal-FPO AA 16746,1926-11-18
620,Olivia Dorsey,97168 Brendan Tunnel-North April MT 97783,2010-08-16
621,Thomas Reynolds,49839 Garrett Wall-Mcclureborough WI 69396,1916-08-22
622,Jonathan Walker,18693 Baldwin Crossing-South Nicoleton MI 09439,1935-04-15
623,Jacob Thompson,5129 Silva Mills Apt. 450-Charlesport IN 85559,1970-05-17
624,Arthur Schmidt,61603 Eric Centers Apt. 049-South Jamesside ID 54604,1912-10-13
625,Kaitlyn Wilson,0250 Allison Ville-Lake Tiffany RI 71820,1989-01-23
626,David Hoover,2452 Cortez Orchard Suite 542-Richardfort SD 70223,1974-08-06
627,Mr. Isaiah Mckinney,258 Shea Meadows-East Tanyabury WY 08531,1951-04-04
628,Angela Carpenter,027 Schmidt Circles Suite 301-Davidmouth MN 58539,1959-04-22
629,Ana Terry,863 Thomas Spur Suite 814-East Erik CO 35777,1939-05-23
630,Ashley Knox,2011 Kevin Track Apt. 926-Lake Laura UT 40606,2013-12-26
631,William Jackson,525 Wilson Gateway Suite 596-North Jasonside NJ 39352,1933-04-14
632,Deborah Baker,57169 Brittney Wall Apt. 517-North Taylor OH 75175,1962-12-08
633,Eric Russell,9795 Monica Park Suite 753-Zacharyshire KS 45260,1995-03-13
634,David Le,052 Hughes Turnpike-Alexandraland VT 71665,2004-10-15
635,Jessica Reeves,95319 Brandon Well Suite 128-Port Roger WI 24745,1962-04-24
636,Lisa Higgins,0329 Jesus Shoal-Lisafort CT 18015,1936-01-30
637,Austin Sanders,05640 Mary Plaza Apt. 412-Port Nicholashaven ND 87436,1970-05-12
638,Barbara Barnes,1310 Benjamin Vista Apt. 869-Rodgerston ME 92082,1947-06-13
639,Steven Hensley,0055 Brian Gateway-Jenniferton TX 22339,1921-03-09
640,Erica Keller,73433 Nicholas Rapid Apt. 983-West John IN 87172,1931-08-25
641,Stephanie Harris,71110 Clarence Field-Hortonberg MN 70836,2009-03-21
642,Stephanie Osborne,074 Cruz Wall-West Claireville PA 34270,1945-01-02
643,Daniel Edwards,911 Smith Common-Taylorhaven NC 44534,1953-10-09
644,Ashley Valdez,USCGC Lopez-FPO AE 86409,1927-05-14
645,Elizabeth Bryan,3545 Sanford Orchard-New Allisonshire OR 21727,1967-05-07
646,Maria Edwards,8774 Alex Forks Suite 367-Martinburgh MI 11949,1952-06-16
647,Leon Lane,52678 Brandy Highway-Jerrystad AZ 24161,1939-04-19
648,Brianna Arellano,06024 Hodges Falls-Bryantton MS 33942,1943-10-14
649,Bethany King,82775 William Station-Greenmouth KY 33554,2016-02-01
650,Kristen Lee,116 Tony Estate Apt. 239-Gomezmouth WV 82047,1916-09-02
651,Kurt Fowler,USCGC Smith-FPO AP 48321,1967-07-23
652,Jordan Mendez,82347 Stacey Heights Suite 914-Lisachester NJ 39297,1915-03-28
653,Angelica Mason,67836 Miller Plaza-Brownburgh KS 04798,1935-05-06
654,Michael Fuller,51410 Frazier Harbors Suite 858-Salaston CT 23126,1992-05-14
655,Anna Braun,320 Williams Park Apt. 617-North Michaelside SD 24731,1974-04-17
656,Oscar Harris,PSC 6258 Box 4645-APO AE 56493,1997-12-27
657,Linda Smith,899 Kathleen Islands-Brooksshire WI 14758,2010-07-02
658,Jacqueline Bennett DDS,52645 Christina Port Apt. 090-Larsonland PA 11940,1914-02-16
659,Sierra Howard,394 David Mall-Tylerchester SD 09951,1936-11-13
660,David Carpenter,87191 Smith Plains-South Justinton MA 68458,1980-09-06
661,David Aguilar,6653 Vaughan Ridge Suite 048-East Tonybury WA 03547,1982-02-08
662,Kelly Beck,1857 Jessica Knoll-Floydshire NE 07406,1987-10-11
663,Megan Stone,360 Lang Road-North Justin SC 64453,1938-10-03
664,Tyler Moore,390 Vanessa Cove Suite 045-South Claudia SC 53450,1935-04-11
665,Susan Johnson,343 Sarah Branch Apt. 947-New Justin AR 94967,1996-07-22
666,Erin Coleman,96098 Lauren Trace Suite 698-Lake Peter TX 71425,1910-09-13
667,Wendy Beck,116 Allison Island-Port Maryport IL 43990,1947-08-01
668,Ashley Adams,81775 Anderson Plains-South Amyland TX 56139,1982-05-18
669,Grace Graham,95056 April Ferry-Lake Carrieborough CT 29249,2006-05-06
670,Nicole Benjamin,8189 Reid Spur-New Jacobland AR 43661,2019-08-12
671,David Davis,71539 Lee View Apt. 208-Port Wayneberg UT 05197,1927-10-20
672,Curtis Cox,764 Gray Passage-South Robin CT 16171,1939-11-03
673,Ruben Bridges,17271 Schroeder Via-New Darrellhaven WA 79519,2015-03-19
674,Robert Clements,PSC 3205 Box 3771-APO AA 05969,1982-12-20
675,Alexandra Berry,148 Ashley Circle-East Jeffreyview DC 51731,2002-02-23
676,Diane James,95372 Ayers Overpass-Pittsview UT 24210,1929-05-28
677,Alyssa Mendoza,50878 Lane Mountains Apt. 632-Port Joanfurt OH 15938,1960-06-26
678,Laura Gallegos,2990 Mary Turnpike Suite 661-Danielleborough OK 43851,1946-10-23
679,Michael Johnson,77613 Patton Creek Suite 198-East Brianside VT 00561,1995-11-03
680,Aaron Brooks,99450 James Causeway Suite 283-Thompsonport AK 27676,1986-10-12
681,Jessica Jimenez,801 Mary Bridge-Watsonside MO 96246,1995-05-10
682,Kathryn Cooper PhD,8031 Young Views Apt. 782-South Jonathantown NJ 18408,1910-07-28
683,William Simpson,0037 Ashley Lane Suite 833-Santiagoberg VT 83354,1946-05-22
684,Shawn Mitchell,566 Wise Mall-North Sergio NE 10066,1941-05-21
685,Timothy Jones,28032 Peters Union Apt. 898-Williamville CA 68763,2002-07-13
686,Christopher Cooper,1162 Roger Extension Suite 883-East Patricia MO 97294,2005-08-06
687,Joseph Frederick,644 Anthony Row-South Donald NJ 17884,1953-02-12
688,David Chase,05557 Mary Alley-North Dawn DC 98272,1909-11-18
689,Nicole Morris,99475 Wells Wells-East Joshua TN 16912,1959-01-28
690,Tammy Lopez,PSC 0392 Box 7958-APO AP 37724,1921-08-18
691,Robert Rodriguez,PSC 4958 Box 6546-APO AP 56437,1941-11-20
692,Jason Martinez,586 Beth Center Apt. 313-Elizabethshire VA 25637,2022-11-19
693,Wayne White,3836 Stevenson Spring Apt. 127-New Gregorymouth MS 53925,2016-06-03
694,Frank Richards,91329 Knight Cape-New Jacobfort MD 53182,1916-07-30
695,Brian Davis,71422 Seth Points Apt. 024-Natashastad ND 65025,2009-03-23
696,Denise Lowery,083 Jill Village-West Brandonbury KY 01384,1918-06-06
697,Kathy Booth,1938 Lucero Prairie Suite 256-Matthewsbury LA 31554,2011-07-14
698,Daniel Walker,650 Williams Parks Apt. 419-East Dominique ME 51775,1994-07-13
699,Sarah Mayo,3960 Thompson Estate Suite 248-North Joel IN 33412,1971-03-04
700,Eric Peck,90730 Jason Pass Suite 436-Joshuafurt TN 74162,1946-02-23
701,Riley Massey,8195 Chelsea Locks-Port Benjamin LA 89035,1993-11-14
702,Tiffany Thompson,0016 Benjamin Point-Rodriguezborough WI 25917,2022-07-02
703,Nicole Day,50167 Lin Throughway Suite 102-Powellshire NC 69245,1932-11-10
704,Jean Mcpherson,116 Moore Vista-West William VA 12752,1957-08-22
705,Thomas Lynn,300 William Villages Suite 340-North Jessica UT 12072,1926-02-08
706,Richard Holt,890 Mccoy Shoals-Mariahmouth MT 76152,1942-09-02
707,Randy Hill,00617 Davis Mill-Joseville NH 95045,1951-06-24
708,Mr. Christopher Nelson,8888 Giles Bridge-Rodriguezfurt LA 81140,1996-09-18
709,Steven Fernandez,28346 Riley River Apt. 726-West Michellebury NM 34695,1939-07-02
710,Joshua Turner,1998 Mitchell Expressway Apt. 242-Williamfort IL 87593,2021-11-16
711,Beth Jones,1552 Taylor Avenue-Port Andrew IN 81287,1973-01-28
712,Katherine Jordan,62239 Nichols Divide-Nathanside NC 91854,1914-12-15
713,James Roberts,17387 Nicholas Courts-Lake Jamieville VT 50439,1942-01-23
714,Stephanie Evans,PSC 3849 Box 9368-APO AE 96277,1997-10-07
715,Jeffrey Green,45853 Olson Mount Apt. 204-West James LA 93138,1930-04-30
716,Joshua Rivera,03662 Sullivan Fork-Port Connie NM 59232,1952-04-14
717,Kathleen Peterson,2978 Kimberly Key Suite 008-East Shellyfort MN 68395,1966-08-19
718,Chris Green,79008 Mckenzie Lodge Apt. 313-West Elijah IL 20891,1980-01-08
719,Mary Chavez,Unit 2236 Box 3200-DPO AE 47725,2002-03-27
720,Ashley Perez,13296 Edwards Shoal Apt. 018-Warrentown MS 68495,1935-11-06
721,Christine Shields,3547 Montgomery Center-Reneeport MA 49040,1949-09-09
722,Francisco Franco,71187 Barbara Parks Apt. 785-West Rhonda MA 59398,1910-05-07
723,Megan Cannon,2639 Lindsey Knoll Suite 083-South Karenhaven KS 75254,1988-09-24
724,Cameron Fritz,05349 Jones Circles-Strongside MT 88457,1960-01-01
725,Chelsey Miller DVM,730 Martinez Port-North Jenniferburgh DC 72817,1942-01-28
726,Victoria Reyes,5063 Jon Summit-South Kyle AR 56930,1977-03-29
727,Mrs. Kimberly Anderson,93954 Ross Ports-Brendaside CO 67176,1911-10-20
728,Cynthia Mullins,USS Becker-FPO AP 37098,1928-06-07
729,Paula Kramer,69546 Frazier Point Suite 443-South Wandaton PA 33604,1995-10-30
730,April Andrade,12239 Rhonda Prairie Suite 819-Howardfurt MT 26914,1945-10-15
731,Brittany Humphrey,4838 Devin Spring Apt. 941-Ashleyburgh IL 87751,1986-02-16
732,Kimberly Johnston,9631 Wilson Lane-Peterside WI 24936,1986-07-03
733,Robert Mccarthy,3898 Maria Glens-Port Tamara RI 52854,1912-12-14
734,Charles Grimes,3775 Mark Forges-East Toddshire AK 29700,2005-09-14
735,Michelle Knight,664 Rich Loaf Apt. 302-Brockfurt MI 76959,1937-10-10
736,Christopher Flores,3850 Mccann Ports Apt. 343-Port Sally NM 28854,1914-03-04
737,Aaron Martin,93329 Brittney Coves Suite 248-Brownmouth NJ 84863,1925-05-18
738,Daniel Wright,626 Singh Valley Suite 765-Margaretchester WY 88078,1918-12-24
739,John Thomas,4755 Ashley Crescent-New Josephside MI 64674,1986-05-11
740,Nathan Ortiz,88066 Crystal Pass Suite 194-North Julie NV 63067,1964-12-02
741,Michele Bowen,0966 Matthew Overpass Apt. 197-West Michaelmouth NV 36221,1981-06-16
742,Angela Wall,98378 Edwin Wells Suite 521-East Erica MT 89292,1923-09-03
743,Johnny Ortiz,13709 Steven Manors Suite 762-Smithview NV 49216,1964-06-05
744,Michael Espinoza,92417 Davis Crest-New James ID 06283,1936-09-08
745,Luis Simmons,2496 Rebecca Mills-Danielville KS 34847,1961-04-19
746,Jonathan French,346 Glover Oval Apt. 539-Andrewside CA 24624,1941-02-16
747,Michael Payne,449 Harrington Parkways-East Peter GA 76355,1975-09-06
748,Frances Pierce,751 Silva Union Apt. 395-Williamview MA 35582,1973-02-20
749,Blake Rivera,063 Brian Wall-Port Olivia KY 25911,2015-04-01
750,Tricia Wright,35549 Michael Mountains-Clarkborough OK 78099,2006-08-24
751,Mark Fernandez,13722 Kaiser Inlet Suite 162-Davidtown NY 26205,1909-09-13
752,Joseph Hensley,5520 Murphy Divide-Scottstad NY 14262,1996-10-30
753,David Payne,71265 William Road-Port Amy ME 28101,1965-06-15
754,Andrew Bernard,502 Ashley Brooks Apt. 164-Port Andrew MD 83145,1908-03-21
755,Brendan Mejia,787 Jeffrey Drives-Stephenshire UT 10463,1992-05-06
756,Jason Ball,6004 Valdez Mountain Suite 591-Port Sarah NY 82648,1961-03-20
757,Alejandro Smith,219 Vargas Pines Suite 765-Lake Brandon NE 57652,1946-05-21
758,Edwin Mills,7692 Leah Common-Keithville ND 85014,1926-01-21
759,Jo Klein,981 Barton Cove Suite 890-Wiseview DC 29219,1939-11-11
760,Patricia Malone,7904 Long Passage Apt. 536-East Lanceville ND 17158,1974-10-17
761,Ernest Hunter,175 Underwood Expressway Apt. 018-Kennethfort MA 66574,1997-12-10
762,Jennifer Harris,2447 Goodwin Mall-East Daniel WY 77182,2000-11-01
763,Kimberly Daniels,294 Margaret Crescent-East David NJ 93460,1957-12-25
764,Jamie Stone,444 Arroyo Hills Suite 471-North Dwayne TX 57078,1951-04-27
765,Mr. Joseph Hancock,6681 White Rapids Suite 420-South Richardfurt TX 03049,1979-07-05
766,Scott Tucker,6513 Willis Flat Suite 657-East Austin MA 28375,2003-03-05
767,Kristy George,7598 Reed Ports-Angelicaview HI 37010,1972-02-02
768,Kevin Pugh,5126 Ross Field-Brownberg SC 64817,1929-07-20
769,Eric Santana,848 Jeremy Estates-Lake Courtneyland KS 28317,1916-04-11
770,Mary Torres,PSC 9750 Box 1114-APO AP 91695,1940-10-11
771,Christine Perez,360 Henry Estate Apt. 624-Patrickshire IN 73743,1911-12-13
772,Julie Wolfe,9183 Raymond Knoll Suite 959-New Christina ID 93397,2014-05-22
773,Austin Costa,39620 Lin Drive Apt. 235-North Rachel RI 75145,1956-09-03
774,Matthew Carter,48982 Green Corners Apt. 659-Powellborough SD 71455,1968-11-25
775,Tiffany Coleman,4543 John Causeway-Flowersfort GA 58484,1978-12-05
776,Heather Cook,5692 Molina Ranch Suite 746-Richardhaven KY 57455,1918-01-29
777,Harry Taylor,99606 Vaughn Mission-Jayshire OR 16222,1937-07-11
778,Kyle Roberts,7196 Anderson Junctions Apt. 123-Mezaburgh IL 64245,2001-11-14
779,Ana Morrison,34486 Chase Rue-Johnburgh IN 87670,2007-04-10
780,Amanda Ramirez,63173 Mitchell Spurs-South Samanthamouth DC 77813,1923-02-14
781,Kevin Wallace,7244 Kevin Station Apt. 688-Port Sharon TN 03213,1969-10-13
782,Steven James,56587 Cindy Ways Apt. 932-Joshuashire MA 20777,2016-09-05
783,Jorge Lloyd,97862 Matthew Vista-Bryantown KS 60099,1945-10-25
784,Lisa Hall,4188 Mora Circles Suite 021-Port John MO 31917,1911-01-03
785,Phyllis Pineda,24806 Lori Terrace Suite 779-New Ronnieberg MI 37893,1989-12-11
786,William Brown,666 Yesenia Corners-Lake Timothy VA 63040,1924-04-12
787,Michael Douglas,97882 Michael Crescent-Port Christopherport NV 91166,1932-08-14
788,Charles Todd,007 Lisa Highway-Richardhaven SC 91442,1946-07-29
789,Christopher Fischer,998 Wells Courts-East Alicemouth AK 20903,1911-11-14
790,Lee Ramirez,271 Chelsea Estate-Jonestown MD 22259,1915-06-08
791,Ralph Brown,54550 Smith Loop Suite 887-Port Matthewstad CA 33689,2014-01-08
792,Paige Garcia,6647 Michael Forest Apt. 808-Joneschester AK 84183,1921-05-25
793,Bonnie Davis,273 Vincent Highway Suite 662-Hernandezborough TN 50616,1910-07-28
794,Karen Fletcher,264 Tara Station-Lake Sandra AZ 08756,1940-08-03
795,Tammy Kaiser,7690 Zachary Gateway-New Monicafort DE 29967,1961-07-09
796,Mr. Mark Cummings,USNV Williams-FPO AE 79121,1967-10-06
797,Justin Robles,3951 Kelly Forest Suite 966-Danaland MA 03069,1924-08-23
798,Frank Bates,PSC 0833 Box 6375-APO AE 97257,1940-03-16
799,Matthew Herrera,553 Richardson Creek Apt. 509-Brookschester OK 44316,1921-05-31
800,Victor Henderson,80862 Sarah Landing-North Christinaburgh MN 67369,2010-01-19
801,Cole Cardenas,467 Walton Lock-Johnstad MN 81361,1984-02-19
802,Dennis Campbell,5826 Matthew Squares Apt. 990-Lake Paul DC 13097,1928-12-13
803,Regina Martinez,95014 Warren Gateway-East Timothy NE 25595,1925-02-14
804,Crystal Valenzuela,5034 Jacob Motorway-South Alexandermouth MO 32625,1969-07-05
805,Corey Cooper,12962 Brenda Mountain-North Rickyside IN 52314,1942-11-20
806,Felicia Benson,0889 Jose Branch Suite 597-South Andrestown NY 19977,2019-12-24
807,Deborah Dunn,426 Harper Haven-Thomaschester MN 72792,1961-03-28
808,Jamie Stephens,2511 Hernandez Island-Elizabethmouth MI 58078,2004-12-27
809,Carrie Brown,58504 Stephanie Motorway Apt. 693-Romanview KS 29808,1926-09-05
810,Erica White,552 Haas Mountains-Jonesberg GA 11234,1913-09-28
811,Kenneth Duke,058 Kristen Mountains Apt. 301-North Ronnie CA 52041,1916-05-20
812,Benjamin Nichols,80284 Guzman Pine Apt. 851-South Troy WI 46673,2007-10-19
813,Katherine Warren,408 Faith Village Suite 589-West Brianna NJ 67826,1929-05-22
814,Jennifer Proctor,35836 Courtney Parkways Apt. 872-North Robertfort UT 83947,1921-01-16
815,Cory Maldonado,PSC 7885 Box 6478-APO AA 14373,1995-08-28
816,Andrew Moreno,44850 Carolyn Parkways-Rogersport CT 47593,1949-04-20
817,Sean Richardson,83275 Wade Circles-West Karen WI 24423,1994-09-11
818,Jeremy Carter,014 Rodriguez Mountain Apt. 393-New Justinland FL 20913,1909-02-05
819,Crystal Patel,1916 Wilson Trail Suite 955-New Matthewhaven DC 14668,1996-07-08
820,Gerald Smith,PSC 3759 Box 5862-APO AE 85206,1925-07-29
821,Deborah Lloyd,443 Burns Springs Suite 194-East Hollyport ID 07688,1915-08-24
822,Jerry Love,79137 Barbara Point Suite 683-Mejiaville SD 68795,1974-05-14
823,Christian Thompson,63636 Wallace Curve Apt. 935-West Courtneyview MS 03602,1988-04-10
824,Heather Lewis,88245 Claire Spurs-Richardsonshire IL 70766,1908-04-09
825,Brooke Schmitt,139 Clark Valley-Michellestad DC 82006,1937-07-06
826,Elizabeth Gay,5623 Nicholas Island-Delacruzstad NJ 97921,1952-04-05
827,Kevin Payne,233 Joseph Turnpike-West Karentown ID 47932,1942-02-20
828,Joseph Campos,021 Kelly Grove-Samanthaborough GA 64091,1963-06-04
829,Michael Vincent,158 Martha Islands-Robertview NE 31684,2019-11-04
830,Emily Barr,2662 Bobby Extensions Apt. 287-Watersburgh WA 92369,1922-08-28
831,Donald Brooks,9806 Kenneth Rest Apt. 489-Michaelchester KY 50785,1998-06-25
832,Jason Davis,275 Jarvis Plain-Ashleytown WA 42044,1998-10-06
833,James Paul,870 Maureen Ranch Suite 522-Stuartport CO 86950,1992-09-09
834,Laura Velazquez,439 Michael Ferry-Rodgersburgh VT 82954,1970-08-16
835,Edward Morton,4106 Danielle Keys Suite 377-Lichester FL 36295,1985-11-01
836,Matthew Oliver,7389 Mcdonald Row-Bushview WI 60006,1942-11-07
837,Christopher Cox,5862 Lee Vista Apt. 861-Nashshire OH 74545,1977-07-12
838,Pamela Santos,1674 Santiago Freeway Apt. 343-Williamview CA 14881,1914-07-24
839,Megan Myers,9280 Chase Circles-Lake Andrew IN 50130,1969-11-22
840,George Lewis,08691 Susan Cliffs Apt. 837-North Daniel IN 45294,1948-01-03
841,Joel Sandoval,7301 Rachel Stream Apt. 563-Dianachester OK 35695,1908-10-30
842,Daniel Brown,4390 Jackson Summit Suite 172-Port Bryan TX 96645,1964-08-28
843,Paul Bell,880 Emily Village Apt. 229-Heatherton NE 09970,1942-07-30
844,Kelly Sanford,1615 Brewer Pines-Port Loganside OR 88168,2010-03-05
845,Mr. Eric Mcmillan,1618 Alexander Crossing-Port Travismouth NC 76706,1968-03-17
846,Erica Roman,208 Daniel Islands-Taylorbury FL 98218,1972-06-29
847,Tonya Whitney,377 Warner Street-New Trevor MA 08660,1936-02-15
848,Mr. Andrew Strickland,5131 Hanson Motorway Suite 827-Josephberg NH 61063,2015-01-29
849,Karen Hayden,09170 Thompson Point-Sabrinatown ME 82177,1969-09-26
850,Danielle Jackson,582 Richard Port Apt. 683-Jasonbury MD 71988,1917-08-19
851,Michael Miller,714 Warner Parkways Suite 497-Wyattshire SC 78794,2009-03-09
852,Kayla White,58675 Chen Stream Apt. 831-Johnsonview LA 06790,1932-09-17
853,Alicia Parsons,6036 Walters Crescent-South Tiffany OH 22326,2014-06-10
854,Julie Nguyen,08064 Tiffany Points Apt. 064-Hollandport MO 23230,1967-10-25
855,Tina Weaver,788 Flores Rapids Suite 345-Collinsshire AK 71884,1990-08-05
856,Robert Martin,72152 Glen Well-East Williambury NM 81849,1918-09-02
857,Brenda Martinez,496 Douglas Parkway Suite 086-Matthewton DC 13151,1914-03-09
858,Andrew Hill,9816 Amanda Avenue-Catherineland FL 12554,1927-05-26
859,Laura Lopez,591 Ball Stravenue Apt. 560-North Paul DE 08509,1916-05-14
860,Jane Richardson,65937 Ashley Plaza Apt. 536-North Angel MN 67352,1910-07-25
861,Darryl Smith,30774 Hicks Causeway-Natashaland WI 53170,1941-10-15
862,Bradley Rangel,94962 Cardenas Route Suite 334-Jasmineton NY 27190,1968-06-08
863,Kaitlyn Strong,741 Brown Glen-West Laurafurt NV 68112,2009-05-02
864,Jodi Richmond,23335 Reynolds Point Suite 078-Youngmouth CO 75406,1964-08-14
865,Betty Burton,95463 Melanie Mission-Port Cameron WY 39354,1977-09-06
866,Meagan Smith,912 Marc Unions-Adamville WA 81255,1908-05-19
867,Tara Watson,9177 Hodges Port Suite 152-Myersview VA 54111,2016-05-15
868,Oscar Scott,1764 Angela View Apt. 046-Lake Jennifer AK 84655,1975-02-11
869,Tracy Richmond,Unit 0467 Box 7156-DPO AA 33844,2005-02-05
870,Jacob Green,12502 Barber Meadows Apt. 131-Fischerhaven ME 90187,1959-06-16
871,Michael Payne,3651 Brandi Ways-Nicholashaven TN 29441,1976-12-11
872,Anthony Smith,06784 Weaver Via-West Zacharyville AR 38001,1987-03-13
873,Melissa Hodges,173 Gregory Course-Davidshire MA 96118,1965-06-06
874,Mark Oconnell,USCGC Carson-FPO AE 03830,1919-11-26
875,Amber Smith,9227 Cynthia Street Suite 269-Lake Jenniferborough DE 64574,1984-04-06
876,Gregory Guerrero,PSC 7444 Box 3109-APO AA 38185,1958-06-14
877,Beverly Sanchez,8759 Sanders Stream Suite 927-Gregoryhaven ND 53583,2001-12-21
878,Shawn Haas,288 Deborah Circles-East Timothy IA 17384,2021-10-10
879,Alex Santiago,346 Dana Way Suite 866-East Jeffreyburgh PA 40637,1922-05-08
880,Nancy Kirk,090 Christine Locks-South Kevinfort WA 15142,1976-02-03
881,Ruben Perez,Unit 7555 Box 2604-DPO AP 79632,1955-08-05
882,Natalie Conner,Unit 3178 Box 1097-DPO AA 48067,2003-01-18
883,Kathryn Robinson,1020 Phillip Station-Heathfort MO 10700,1935-07-21
884,Amy Sanchez,18348 Kenneth Gateway Suite 281-East Joshua VT 06325,1975-07-30
885,Sheryl Baker,6123 Dean Estates-Lake Brittanyton IL 55540,2011-10-18
886,Shirley Carson,871 Angela Shoals-Lake Justin HI 81818,1925-07-27
887,Brian Lowe,892 Mcdonald Forest-Austinmouth NE 92983,2001-12-04
888,Rachael Cannon,329 Coleman Way-Fernandezchester HI 10060,1941-10-05
889,Christina Paul,2346 Gonzalez Walks Apt. 823-Sanchezton RI 50698,1996-06-12
890,Misty Miller,59158 Shawn Radial-South Bradleyshire IA 10482,1963-06-25
891,Henry Franco,69781 Ashley Highway Suite 201-Rodriguezmouth FL 93436,2011-11-03
892,Melissa Gonzalez,0067 Lopez Unions-East Aliciachester CA 02322,1932-07-15
893,Patrick Marshall,8386 Ashley Forest Apt. 251-West Stephen CA 61015,1942-10-21
894,Christina Johnson,56460 Jennifer Road Apt. 493-New Michaelhaven AL 74777,2020-12-23
895,Raymond Carr,USNV Patel-FPO AE 04662,1969-01-26
896,Thomas Perkins,283 Jennifer Junction-West Daniellebury NH 45529,1971-12-20
897,Daniel Young,13979 Thompson Rue Suite 868-Keithton WY 88115,1955-06-06
898,Michael Anderson,000 Anne Valleys-North Morganstad ND 04066,1960-03-17
899,Kayla Sandoval,PSC 9457 Box 4413-APO AE 87486,1955-01-23
900,Sarah Martinez,552 Ruiz Ville Suite 794-Normantown UT 10127,1916-11-10
901,Chelsea Patton,204 Phelps Vista Suite 833-Ashleyland TX 50331,1974-10-03
902,Christopher Montoya,457 Huang Mission-Port Rubenland TN 38595,1967-08-26
903,Thomas Mccarthy,5342 Nicholas Mount-Ronaldberg MT 84927,1920-01-23
904,Amber Blake,PSC 8416 Box 1990-APO AE 81771,1994-12-24
905,Joseph Mcdowell,64961 Michael Meadow Apt. 059-New Virginia UT 79888,1937-09-06
906,Stacy Leon,23111 Robbins Mill-Port Williamport WA 06193,2012-12-02
907,Alexis Blair,26456 Rodgers Lodge-Lisahaven NM 38991,2023-10-04
908,Jason Zamora,404 Francis Road Suite 938-Crystalstad KS 50203,2020-06-22
909,Breanna Richards,249 Mark Run-New Stephanie MD 86380,1938-11-01
910,Todd Eaton,3142 Jaime Island-Williamsside WA 98869,1994-03-25
911,Andre Espinoza,913 Lang Plains-Matthewchester AL 30785,1948-11-29
912,Patricia Miller,Unit 7320 Box 4476-DPO AP 62616,1919-01-17
913,Robert Patterson,53001 Jennifer Light-Hectorhaven WA 55287,1979-10-26
914,Jennifer Smith,USNS Gray-FPO AE 05634,2015-05-31
915,Ricky Evans,71070 Samuel Shoals-West Eddie MD 58852,1996-10-31
916,Jeffrey Mcgee,96353 Calderon Ports-Rodriguezport CT 94821,1944-12-16
917,Mark Schultz,6357 Jeffrey Cove Suite 888-Port Ralph MD 46889,1974-04-29
918,Sharon Frost,74867 Cochran Lodge-Markbury WY 98606,1975-07-16
919,Martin Mitchell,2772 Alyssa Road Suite 505-Royfurt CA 36479,1975-05-17
920,Keith Love,60046 Amber Highway Apt. 075-East Shawnfurt IA 36535,1915-04-12
921,Christopher Patterson,07626 Christian Creek Apt. 205-Sandersbury OH 94017,1965-12-21
922,Steven Hernandez,52577 Benjamin Circles Apt. 685-Tylerhaven ID 09255,1910-01-28
923,Bobby Johnson,421 Michael Neck Apt. 182-Ortizfurt MT 70887,1949-11-22
924,Brian Allen,974 Harper Pike-Dianeton MD 69679,1921-06-15
925,Renee King,226 Christopher Shoals Apt. 101-Cannonfurt DE 79000,2015-11-12
926,Thomas Anderson,7830 Bean Lock-Batesberg KS 34790,1950-02-28
927,Nancy Anderson,6062 Schmidt Crossing-South Katherine ID 96467,1995-02-08
928,Brent Rose,7659 Johnson Springs-Nathanbury NV 77814,1946-01-12
929,Sandy Cowan,713 Rebecca Hill Apt. 664-Dudleyside WA 98346,1956-07-06
930,Brian Bradley,USS Mclaughlin-FPO AA 93176,1966-02-22
931,Sandra King,7524 Belinda Tunnel Apt. 456-Christopherton AR 25103,2005-09-17
932,Jeffrey Lara,590 Dunn Via-Lake Alison WY 64360,1951-11-17
933,John Sanders,63187 Alan Estate Suite 235-Bradleymouth MS 84248,1947-12-13
934,Justin Romero,859 Lucas Squares-Kerrview AL 51482,1926-02-20
935,Douglas Liu,690 Austin Brook Suite 207-Fordtown TX 70061,1991-08-27
936,Debra Roberts,PSC 1654 Box 3881-APO AA 17584,1958-07-06
937,Laura Clark,452 Ellis Squares-West Anthony IL 60604,1966-11-10
938,Randall Williams,115 Sanchez Fort Suite 697-Lake Natalieside MN 76035,1970-03-24
939,Megan Hernandez,6083 Maurice Lake-Port Chelseaberg OK 35286,1976-03-31
940,Loretta Campbell,57958 Johnson Viaduct-North Nicolestad VA 90117,1999-09-15
941,Joshua Smith,140 Susan Land Apt. 479-Laurenville VA 55528,1994-04-03
942,Jose Ferguson,USNS Miller-FPO AA 16490,1940-07-16
943,Brandon Perez,236 Henderson Estates Suite 019-Higginshaven GA 52658,1971-07-13
944,William Baker,605 Robertson Knolls-Clementsland OR 02619,1994-05-19
945,Brittany Harris,965 Hawkins Lane-Jonesfurt WV 03449,1966-07-29
946,Crystal Thomas,2391 Moody Union-Clarkport WI 88234,1909-10-27
947,Robert Turner,43084 Thomas Mission-Lake Connieshire RI 78632,1929-03-04
948,Cathy Patterson,11572 Wood Ports Apt. 870-Jessicamouth ID 36695,1947-08-12
949,Melissa Anderson,PSC 6876 Box 5295-APO AA 38336,1987-05-13
950,Gerald White,52490 Yvonne Junction Suite 865-Tannertown OH 60223,1974-03-15
951,Jessica Harrison,7260 Hernandez Vista-Jasonville NY 30808,1965-09-26
952,Christina Buchanan,54917 Johnson Stream-Katherinechester WI 45626,1986-03-05
953,Matthew Jones,41248 Davenport Islands Apt. 212-North Karen DC 94352,1935-05-06
954,Laura Taylor,85755 Todd Parks Apt. 300-North Kenneth CO 04218,1984-03-24
955,Gary Osborne,662 Samuel Corner Apt. 134-Samuelmouth NM 73703,2005-04-01
956,Erica Hughes,1550 Holmes Canyon Apt. 274-Millerberg NY 92854,2008-12-10
957,Sheila Smith,9655 Mueller Flats Suite 456-New Davidmouth LA 32726,1936-11-29
958,Cynthia Dalton,79824 Brent Junctions Apt. 261-North Angelaville TX 94342,1952-10-07
959,Justin Hampton,022 Terry River Suite 897-Johnstad TN 91115,1983-11-04
960,Yvette Lopez,295 Hartman Squares-Hannahborough VA 46294,1977-05-06
961,Whitney Reed,21099 Ray Dam Suite 499-West Jeremiahberg OH 07115,2016-05-23
962,Carolyn Wilkinson,PSC 5777 Box 9261-APO AE 93130,1958-04-02
963,Michael Mooney,96775 Brian Circle Apt. 643-Smithstad VT 44606,1908-08-03
964,James Taylor,630 Matthew Radial-West Melissaside IA 82560,1972-07-09
965,Michael Stephens,977 Jackson Fords Suite 337-Carlashire IA 97018,2001-01-14
966,Jennifer Taylor,60129 David Port-Steeleberg IL 21959,1987-02-23
967,Karen Jones,3018 Ramos Village-West Michellebury MN 78135,1980-09-29
968,Travis Ingram,15543 Andrea Court-Port Dennisbury DC 33217,2012-08-18
969,Cody Miller,55043 Debbie View-Mcintoshmouth WA 23930,1958-09-21
970,Jeffrey Jones,63060 Ellison Causeway Suite 101-Lake Christinaville KS 81956,1914-07-13
971,Susan Snow,43601 Herman Lights-Aarontown TN 40715,1999-09-16
972,Jessica Atkinson,1231 Delgado Walks Apt. 082-Campbellmouth CA 04800,1990-05-05
973,Richard Butler DVM,16474 Smith Neck-New Kristinebury AZ 58745,1978-05-17
974,Emily Sutton,81831 Chad Shoals Apt. 807-New Destinymouth IL 17195,1912-03-09
975,Tammy Barron,149 Tiffany Forge Suite 719-New Peterton MD 30573,2009-06-08
976,Jeff Boyd DDS,2526 Janice Motorway Suite 723-Billyside NE 24956,1929-07-30
977,Harold Jackson,87658 Megan Trafficway Suite 385-East Morganstad TN 71918,1929-09-21
978,Katherine Hines,9423 Christopher Villages-East Frankmouth DC 21915,1977-07-02
979,Sharon Black,603 Donna Rest Apt. 740-Port Taylorfurt MA 58722,1923-06-13
980,Alexander Compton,915 Andrew Manors Suite 722-West Denise MA 81002,1994-07-27
981,Alex Hanson,378 Rebecca Locks Suite 435-Mortonfurt NJ 24610,1994-11-10
982,Colin Newton,6602 Boyle Dale Apt. 520-Johnview DC 22021,1996-03-12
983,Raymond Atkinson,41911 Lori Mill-East Markmouth VT 85896,2020-11-25
984,Denise Warner,24023 Carter Hills Apt. 116-North Anna IN 22062,2012-09-17
985,Catherine King,24421 Young Highway-West Timothytown WY 50401,1919-05-01
986,Daniel Goodman,872 Laura Station Suite 654-Danielburgh CO 19422,1944-10-23
987,Christopher Nelson,3428 Billy Glens Suite 428-Lake David KS 24164,1909-02-07
988,Steven Sanchez,16865 Jessica Walk-Mikeside NJ 03453,2021-12-10
989,Carla Bell,88829 Rebecca Pass-Maryshire CA 63635,2009-04-25
990,Mary Smith,3517 Gardner Passage Apt. 833-North William MO 64962,1942-09-16
991,Annette Parker,PSC 2727 Box 3102-APO AP 34684,1984-07-25
992,Phillip Ramirez,6643 Brandon Mount Apt. 689-Durhamfurt KS 55750,2016-05-09
993,William Everett,5896 Castillo Shoal-North Coreyport NH 41753,1948-06-04
994,Alyssa Brown,5150 Pierce Burg Apt. 200-Stephenton FL 53638,2000-07-14
995,Jamie Jones,803 Hodge Fords Apt. 782-Port Julie IN 35127,1948-11-11
996,Charles Tran,543 Wendy Pass Suite 969-Jonathanland SC 43323,1985-11-04
997,Rebecca Martinez,5379 Ramirez Glens Apt. 692-South Brenda AL 06335,1912-07-29
998,Michael Barnett,7534 Kristi Groves Suite 670-Adamsbury MN 95686,1926-08-23
JONATHAN DAVIES,Mary Jones,400 Tyler Roads-Coreyhaven LA 26067,1915-01-05
1000,Ryan Cox,71280 Lawrence Ridge Suite 719-Lopezfurt ID 19557,1994-08-03
