id,name,address,date_of_birth
1,Stephen Strickland,1540 Mendez Forges Apt. 329-Valdezbury PA 99225,2014-04-05
2,Johnny Avila,31894 Thompson Shore-Dennisside AZ 79380,1938-04-18
3,Wendy Martin,4444 Jerry Pine-New Anna MD 74596,1956-11-23
4,David Wilson,USCGC Scott-FPO AA 72375,1985-09-04
5,Robert Owens,PSC 7541 Box 3567-APO AA 67188,2010-10-09
6,Lisa Mullins,49185 Figueroa Island-Bridgettown KS 36005,1930-08-31
7,Paul Ortega,21519 Joel Spur-Boyleberg OR 08917,1939-08-06
8,Jason Green,460 Wise Field-Isaacmouth IL 80630,2019-03-05
9,Christian Gomez,596 Archer Grove-Lake Barbarashire IA 93238,1922-06-26
10,Timothy Haley,22371 Michael Squares Apt. 118-Clairebury OK 33174,1956-09-23
11,Todd Escobar,26202 Dustin Plain Apt. 588-Lake David MI 22880,2011-02-28
12,Taylor Taylor,64194 Thomas Flat-West Wesleyfort TX 36298,1975-01-04
13,Stacey Barrett,6889 Diamond Meadows-Williamsberg WY 64820,1938-01-18
14,Amy Wallace,068 Natasha Stravenue-North Kristen SC 66467,1994-01-21
15,Diana Freeman,4846 Wayne Extensions-Lake Jamesville MD 60253,1962-12-16
16,Brandon Rojas,88666 Shane Fall-Oliviashire WI 27326,1938-08-20
17,Matthew Hanson,990 Chad Bypass-North Kevintown CT 34100,2002-06-02
18,Sara Sandoval,58656 Melody Walk Suite 776-New Anthony UT 29992,1994-05-11
19,Christine Brown,9140 Jackson Estates-Susanborough VA 59469,1941-08-01
20,Robert Morris,095 Jeanette Stream Apt. 156-West Jasmine VA 54095,1954-07-19
21,Nathaniel Thomas,75754 Wright Shoal-Obrientown KY 51286,2016-05-27
22,Jason Burnett,99415 Bean Rapids Apt. 958-South Deanna WI 08662,1945-09-19
23,Adam Rogers,7273 Debbie Loaf Suite 841-Thompsonhaven OH 56912,2006-11-13
24,Debra Flores,6957 Darius Burg-Jeanetteberg NM 22028,1948-05-14
25,Heather Gomez,84668 Kristen Run Suite 797-South Ryan AZ 84897,2013-05-30
26,Stephen Duncan,543 Pamela Tunnel-East Michaelport NV 79763,2019-12-25
27,Stephanie Montgomery,7289 Erickson Stream-South Andrewbury NC 58458,1977-04-02
28,Maria Sheppard,0799 Benjamin Throughway-North Cynthia OR 30177,1987-11-18
29,Ashley Sloan,084 Kelley Oval Apt. 636-New Philip MD 67980,1997-02-23
30,Dustin Flores,340 Beck Junction-Morrowland MA 55783,1930-11-02
31,Patrick Joseph,856 Jones Vista Apt. 789-Andremouth NJ 53316,1950-11-23
32,Susan Rose,4705 Gary Hills-Wilsonstad HI 69723,1973-06-06
33,Shane Morris,408 Christopher Ferry-Reynoldshaven OH 24737,1957-10-31
34,Taylor Martinez,0361 Dawn Drives-Owenchester NE 42807,1949-05-20
35,Amy Cross,868 Cindy Throughway-Lisaburgh MS 03694,1967-04-27
36,Angela Buckley,4137 Davis Plains Suite 819-Port Miguel MT 63023,1929-04-13
37,Michael Ortiz,0821 Watkins Station-Grahamland VA 39616,2001-05-15
38,Matthew Patrick,USCGC Gomez-FPO AA 57103,1967-11-06
39,Melissa Johnson,PSC 4418 Box 4079-APO AE 92768,1912-02-22
40,Gregory Taylor,7087 Mathews Route-Port Eric MT 76619,1947-06-19
41,Richard Williams,172 Guzman Prairie-Spencerstad TX 53987,1924-02-27
42,Mary Cortez,109 Jordan Highway Suite 729-West Nancyview DC 91768,2006-09-19
43,Courtney Blevins,520 Lee Drives-Lake Rachelmouth TX 86890,2016-07-26
44,Devin Mclaughlin,6846 Madison Creek Apt. 077-New Richard NE 35179,1952-01-06
45,Rose Mooney,170 Anthony Ramp-Portermouth VA 62505,2000-05-20
46,Tyler Rivera,8174 Jessica Shore Suite 487-Freemanmouth SD 21276,1910-02-28
47,Jessica James,380 Walters Junctions Suite 418-Cindyhaven VT 22457,1974-11-21
48,Kenneth Pratt,342 Delacruz Drive-Micheleburgh VA 45996,1931-09-17
49,Albert Randolph,5900 Daniel Forks-Ashleeberg VT 07734,1966-09-08
50,Erin West,500 Daniel Dale Apt. 711-Garrettfort AL 05641,1931-10-18
51,Stephanie Peterson,046 Stephen Rapid-West Sarah UT 81558,2022-02-21
52,Deborah Cannon,62263 Mcknight Row Apt. 728-New Erin IL 37966,1977-08-14
53,Amanda Alvarez,7381 Cynthia Passage-Alexburgh AK 11602,1942-08-16
54,Madison Park,36112 Anna Mission Suite 448-Port Calvinport MA 93896,2019-01-09
55,Kevin Chase,PSC 5712 Box 1529-APO AE 44110,1987-04-01
56,Kenneth Herring,54028 Diane Loop Suite 489-Harthaven AR 06655,1988-07-05
57,Travis Sullivan,127 James Square-Amandaberg NV 73773,2014-12-19
58,Joshua Johnson,56427 Suzanne Course Suite 169-West Thomas SC 56572,1908-11-02
59,Dustin Oconnell,6111 Lisa Underpass Apt. 295-South Amanda SC 87293,1987-03-03
60,Richard Mathis,25683 Anderson Bypass-Aliciafurt NV 13313,1940-10-14
61,Terry Davis,358 Gordon Summit Apt. 167-Lake Charlottestad MS 69241,1960-08-09
62,Ralph Perkins,456 Cline Via Suite 640-Watsonmouth AR 80715,1927-04-07
63,Marc Thompson,465 Carroll Parkways-South Crystal DC 15189,1926-06-23
64,Terry Brooks,88676 Christopher Ranch Apt. 080-East Amy WI 91264,1962-11-12
65,Dylan Park,0157 Young Ports-Port Aaronport UT 70067,1924-12-20
66,Daniel Smith,457 Tiffany Mall-Charlesmouth DE 49781,1956-08-21
67,Christine Wilson,030 Trevor Springs Apt. 577-Port Roseborough MI 60584,1953-07-04
68,Elizabeth Miller,208 Mathew Spring Suite 039-Darrenton AL 98889,1971-02-22
69,Pamela Riley,128 Pamela Camp-Jacobsonburgh KY 91536,1955-10-26
70,Emily Carney,452 Elizabeth Gateway-Kennethhaven SD 24769,2000-07-20
71,Michelle Chase,8732 Sophia Lock Suite 905-West Angela OH 02803,1912-11-01
72,Clayton Wilson,854 Jackson Wells Apt. 408-North Amandaberg WV 61245,1936-12-18
73,Timothy Duran,133 Dustin Views-Coxmouth CT 91134,2018-11-14
74,Kevin Harris,9545 Robles Rapid Suite 058-Margaretland AL 32789,1977-03-17
75,Norman Gross,484 Davis Stravenue Apt. 534-West Christian VA 77969,2003-02-03
76,Eddie Collier,5433 Diaz Dale-Walkermouth OR 78488,1953-05-16
77,Justin Green,326 Conrad Key-Walkerport NJ 63347,1950-08-27
78,Katie Green,4642 Lisa Corners Suite 122-Joyceborough WI 58628,1922-05-08
79,Roberto Howard,28214 Buck Views Suite 051-Kleinstad AK 53509,1999-11-04
80,Brenda Anderson,03881 Michelle Cape Apt. 499-East Laura NE 73754,1955-12-31
81,James Becker,40727 Catherine Fork-West William NV 45778,1924-07-31
82,Jasmine Chavez,58309 Richard Crest-Lake Roger VT 22004,1982-01-16
83,David Curry,96967 Heather Fork-South Jacob AZ 05180,2003-09-30
84,Robert Thompson,9740 Jason Causeway Apt. 294-Kristenton LA 91401,1998-03-21
85,Richard Wright,736 Townsend Port-New Brittanyfurt KY 70752,1915-05-30
86,Michelle Madden MD,7617 Brittany Estates-Timothyshire MO 75047,1910-11-11
87,Samantha Hunt,6246 Dylan Rapids-Amyville ID 09668,2012-03-07
88,Erika Villa,09145 Miller Valleys Apt. 452-South Evantown OH 30741,1974-07-27
89,Raymond Ward,087 Kelly Street Apt. 509-Leeton PA 58885,1955-12-29
90,Jessica Garcia,1069 Kimberly Rapids-New Michelleburgh OK 50997,1909-01-18
91,Edward Clark,5419 Mario Light Apt. 390-Kellyport MA 44475,2009-10-07
92,Adam Walls,192 Miller Port-South Danielbury NE 91668,2017-05-13
93,Stephanie Patel,21934 Singleton Land-Josephtown OK 08403,2005-04-12
94,Robert Rodriguez,752 Mckinney Inlet Suite 375-Port Jonathan UT 06463,2012-01-20
95,Anthony Pena,9138 Anderson Walk Apt. 870-New Patriciaville LA 98076,1974-04-26
96,David Wilson,232 Kirk Isle-New Vanessa ME 50935,1974-07-24
97,James Carr,67400 Peterson Path Suite 630-Ashleyville DC 04410,1957-05-23
98,Shane Pena,24434 Mullen Lock Suite 506-New Jessicahaven VA 81642,2021-05-06
99,Autumn Long,211 Tammy Squares-Bennettside OH 34717,1931-07-01
100,Aaron Herrera,Unit 3263 Box 4776-DPO AP 66001,2020-10-08
